year,month,day,carrier,dest,departure_delay,arrival_delay,delay_change_minutes
2013,6,15,MQ,CMH,1137.0,1127.0,-10.0
2013,7,22,MQ,CVG,1005.0,989.0,-16.0
2013,6,27,DL,PDX,899.0,850.0,-49.0
2013,6,27,DL,SAN,790.0,769.0,-21.0
2013,7,7,VX,SFO,629.0,676.0,47.0
2013,7,27,EV,IAD,536.0,577.0,41.0
2013,7,6,DL,SFO,589.0,561.0,-28.0
2013,7,28,MQ,CVG,486.0,496.0,10.0
2013,8,21,DL,ATL,508.0,469.0,-39.0
2013,7,24,9E,MSP,430.0,458.0,28.0
2013,6,7,MQ,ORF,419.0,451.0,32.0
2013,7,10,B6,SFO,453.0,445.0,-8.0
2013,6,24,DL,SEA,504.0,444.0,-60.0
2013,7,10,VX,SFO,432.0,433.0,1.0
2013,6,13,MQ,RDU,343.0,430.0,87.0
2013,6,13,EV,IAD,388.0,421.0,33.0
2013,7,7,DL,SAN,452.0,421.0,-31.0
2013,7,10,9E,DFW,355.0,421.0,66.0
2013,7,10,VX,LAX,413.0,420.0,7.0
2013,7,10,B6,BOS,381.0,412.0,31.0
2013,7,7,VX,SFO,396.0,411.0,15.0
2013,8,18,VX,LAX,392.0,404.0,12.0
2013,6,27,DL,SEA,278.0,400.0,122.0
2013,8,28,DL,MIA,436.0,399.0,-37.0
2013,7,10,UA,SFO,325.0,399.0,74.0
2013,7,10,B6,SYR,352.0,391.0,39.0
2013,7,10,DL,PDX,353.0,391.0,38.0
2013,7,1,EV,IAD,363.0,385.0,22.0
2013,7,22,9E,DTW,356.0,383.0,27.0
2013,7,9,AA,SFO,364.0,380.0,16.0
2013,6,13,B6,TPA,351.0,380.0,29.0
2013,6,7,B6,PBI,371.0,376.0,5.0
2013,6,25,9E,PIT,376.0,372.0,-4.0
2013,7,18,AA,SJU,396.0,371.0,-25.0
2013,7,22,VX,SFO,304.0,360.0,56.0
2013,7,10,9E,SDF,296.0,357.0,61.0
2013,8,28,EV,IAD,361.0,356.0,-5.0
2013,7,19,DL,TPA,405.0,355.0,-50.0
2013,7,22,DL,MIA,320.0,354.0,34.0
2013,7,10,B6,BUF,375.0,354.0,-21.0
2013,6,10,EV,IAD,315.0,354.0,39.0
2013,7,22,MQ,BNA,312.0,354.0,42.0
2013,7,30,VX,SFO,364.0,354.0,-10.0
2013,6,27,DL,PDX,224.0,350.0,126.0
2013,7,10,UA,SFO,272.0,347.0,75.0
2013,7,11,UA,SFO,348.0,345.0,-3.0
2013,6,14,9E,PIT,335.0,342.0,7.0
2013,6,27,B6,BOS,381.0,340.0,-41.0
2013,7,10,B6,HOU,243.0,338.0,95.0
2013,7,22,9E,CVG,268.0,337.0,69.0
2013,7,28,9E,CLE,236.0,336.0,100.0
2013,8,11,DL,DEN,360.0,335.0,-25.0
2013,7,10,B6,SAN,274.0,334.0,60.0
2013,6,24,VX,SFO,263.0,333.0,70.0
2013,6,25,B6,LAS,364.0,332.0,-32.0
2013,7,9,9E,BUF,248.0,331.0,83.0
2013,7,7,9E,ROC,270.0,330.0,60.0
2013,6,27,US,CLT,307.0,328.0,21.0
2013,8,11,B6,SEA,340.0,328.0,-12.0
2013,7,7,DL,ATL,327.0,325.0,-2.0
2013,7,20,9E,MSP,233.0,324.0,91.0
2013,7,22,9E,PIT,335.0,324.0,-11.0
2013,7,10,UA,LAX,306.0,322.0,16.0
2013,7,12,DL,TPA,343.0,322.0,-21.0
2013,7,22,B6,CLT,284.0,322.0,38.0
2013,7,22,DL,ATL,297.0,320.0,23.0
2013,6,24,UA,LAX,306.0,319.0,13.0
2013,7,7,B6,OAK,252.0,318.0,66.0
2013,7,31,AA,SFO,293.0,317.0,24.0
2013,8,1,9E,PHL,329.0,317.0,-12.0
2013,8,8,MQ,BNA,315.0,316.0,1.0
2013,6,24,AA,SFO,292.0,316.0,24.0
2013,7,23,9E,DTW,313.0,315.0,2.0
2013,6,24,VX,SFO,325.0,314.0,-11.0
2013,7,7,DL,SFO,319.0,312.0,-7.0
2013,7,1,MQ,RDU,293.0,310.0,17.0
2013,7,10,VX,SFO,301.0,310.0,9.0
2013,6,10,9E,BUF,281.0,308.0,27.0
2013,7,10,AA,SFO,187.0,307.0,120.0
2013,7,10,B6,SEA,257.0,307.0,50.0
2013,6,24,DL,MIA,312.0,303.0,-9.0
2013,7,22,B6,LGB,211.0,302.0,91.0
2013,7,7,DL,LAX,257.0,302.0,45.0
2013,7,28,MQ,CMH,262.0,301.0,39.0
2013,8,14,9E,DFW,301.0,300.0,-1.0
2013,6,27,9E,MSP,321.0,300.0,-21.0
2013,7,13,AA,LAX,260.0,300.0,40.0
2013,7,10,DL,LAS,275.0,298.0,23.0
2013,7,7,DL,MCO,342.0,298.0,-44.0
2013,7,6,VX,SFO,322.0,297.0,-25.0
2013,7,1,B6,JAX,285.0,297.0,12.0
2013,6,23,AA,SFO,252.0,297.0,45.0
2013,7,28,B6,PWM,244.0,294.0,50.0
2013,7,7,VX,SFO,299.0,294.0,-5.0
2013,7,23,B6,BOS,275.0,294.0,19.0
2013,6,7,9E,RDU,232.0,292.0,60.0
2013,6,27,DL,SEA,294.0,292.0,-2.0
2013,8,4,MQ,CVG,319.0,292.0,-27.0
2013,6,14,AA,SFO,201.0,289.0,88.0
2013,6,30,9E,RIC,217.0,288.0,71.0
2013,7,9,DL,ATL,268.0,288.0,20.0
2013,7,22,DL,SLC,275.0,288.0,13.0
2013,7,7,9E,DTW,269.0,287.0,18.0
2013,6,23,VX,SFO,214.0,287.0,73.0
2013,6,25,VX,SFO,290.0,287.0,-3.0
2013,6,7,B6,FLL,282.0,287.0,5.0
2013,7,22,B6,FLL,286.0,286.0,0.0
2013,6,13,B6,RDU,287.0,285.0,-2.0
2013,6,25,B6,SFO,291.0,285.0,-6.0
2013,7,22,VX,SFO,223.0,284.0,61.0
2013,7,10,DL,LAX,319.0,284.0,-35.0
2013,8,8,DL,PDX,244.0,283.0,39.0
2013,6,19,9E,PHL,268.0,283.0,15.0
2013,7,10,AA,LAX,194.0,282.0,88.0
2013,7,17,9E,BWI,313.0,280.0,-33.0
2013,6,27,VX,SFO,249.0,278.0,29.0
2013,8,28,B6,JAX,272.0,277.0,5.0
2013,7,11,B6,BUF,242.0,277.0,35.0
2013,8,29,DL,DEN,340.0,276.0,-64.0
2013,6,27,B6,ORD,207.0,276.0,69.0
2013,6,30,B6,BUF,298.0,275.0,-23.0
2013,6,24,9E,BWI,232.0,275.0,43.0
2013,7,3,B6,PWM,253.0,274.0,21.0
2013,7,10,DL,LAX,268.0,274.0,6.0
2013,6,24,B6,MCO,265.0,273.0,8.0
2013,6,24,9E,PHL,171.0,273.0,102.0
2013,7,30,VX,SFO,270.0,273.0,3.0
2013,6,24,US,PHX,275.0,270.0,-5.0
2013,6,15,DL,ATL,301.0,270.0,-31.0
2013,7,18,DL,SFO,312.0,270.0,-42.0
2013,6,23,UA,SFO,207.0,269.0,62.0
2013,7,22,AA,MIA,232.0,268.0,36.0
2013,7,28,9E,DFW,202.0,268.0,66.0
2013,8,2,9E,BUF,260.0,267.0,7.0
2013,7,20,B6,LGB,210.0,267.0,57.0
2013,7,9,UA,SFO,233.0,267.0,34.0
2013,7,10,B6,MCO,268.0,267.0,-1.0
2013,6,23,VX,SFO,263.0,267.0,4.0
2013,8,16,9E,DTW,297.0,267.0,-30.0
2013,6,29,B6,BOS,270.0,266.0,-4.0
2013,6,4,UA,LAX,250.0,265.0,15.0
2013,6,23,DL,SFO,245.0,264.0,19.0
2013,6,28,AA,LAX,224.0,263.0,39.0
2013,7,1,B6,MCO,263.0,262.0,-1.0
2013,6,14,VX,LAX,271.0,262.0,-9.0
2013,7,1,EV,IAD,214.0,262.0,48.0
2013,6,27,B6,JAX,281.0,262.0,-19.0
2013,8,20,9E,MCI,284.0,262.0,-22.0
2013,7,10,DL,PHX,259.0,261.0,2.0
2013,8,2,9E,DTW,265.0,261.0,-4.0
2013,6,13,AA,LAS,255.0,261.0,6.0
2013,7,22,MQ,DCA,193.0,260.0,67.0
2013,7,17,9E,CLT,214.0,259.0,45.0
2013,6,24,DL,LAX,283.0,259.0,-24.0
2013,6,24,B6,SFO,275.0,259.0,-16.0
2013,8,3,US,CLT,270.0,259.0,-11.0
2013,6,24,VX,SFO,243.0,258.0,15.0
2013,8,8,US,CLT,223.0,258.0,35.0
2013,6,2,MQ,IND,241.0,258.0,17.0
2013,6,18,B6,RDU,255.0,258.0,3.0
2013,7,22,B6,SEA,209.0,258.0,49.0
2013,7,9,9E,ORD,263.0,258.0,-5.0
2013,7,6,VX,SFO,210.0,258.0,48.0
2013,7,20,9E,ORD,220.0,257.0,37.0
2013,7,22,B6,OAK,180.0,257.0,77.0
2013,6,10,9E,IAD,211.0,256.0,45.0
2013,7,8,DL,SAT,299.0,256.0,-43.0
2013,6,14,DL,SJU,157.0,256.0,99.0
2013,8,10,B6,MSY,244.0,255.0,11.0
2013,7,9,VX,SFO,255.0,254.0,-1.0
2013,8,4,MQ,CLE,194.0,254.0,60.0
2013,6,25,DL,LAS,279.0,254.0,-25.0
2013,6,24,EV,IAD,207.0,254.0,47.0
2013,6,13,B6,FLL,230.0,254.0,24.0
2013,7,8,VX,SFO,256.0,253.0,-3.0
2013,6,22,B6,SFO,306.0,253.0,-53.0
2013,7,22,EV,IAD,192.0,253.0,61.0
2013,7,22,9E,CHS,225.0,252.0,27.0
2013,6,18,B6,PWM,281.0,252.0,-29.0
2013,6,24,UA,SFO,225.0,252.0,27.0
2013,6,25,B6,FLL,261.0,251.0,-10.0
2013,7,10,DL,AUS,241.0,251.0,10.0
2013,6,13,9E,PHL,190.0,251.0,61.0
2013,8,1,B6,BTV,234.0,250.0,16.0
2013,8,18,9E,DCA,245.0,250.0,5.0
2013,8,8,AA,LAS,250.0,250.0,0.0
2013,7,16,B6,BUF,268.0,250.0,-18.0
2013,6,25,9E,BWI,200.0,250.0,50.0
2013,6,19,DL,PHX,277.0,249.0,-28.0
2013,6,28,B6,PBI,247.0,249.0,2.0
2013,8,21,DL,SEA,281.0,248.0,-33.0
2013,6,19,EV,IAD,253.0,248.0,-5.0
2013,8,16,AA,SFO,294.0,247.0,-47.0
2013,6,27,B6,BUR,226.0,247.0,21.0
2013,7,1,9E,CHS,200.0,247.0,47.0
2013,7,23,9E,MSP,219.0,247.0,28.0
2013,7,1,B6,IAD,257.0,246.0,-11.0
2013,6,30,B6,PBI,245.0,246.0,1.0
2013,7,22,B6,ROC,210.0,246.0,36.0
2013,6,10,B6,SYR,243.0,246.0,3.0
2013,8,7,9E,SDF,209.0,244.0,35.0
2013,7,1,VX,LAX,287.0,243.0,-44.0
2013,6,30,B6,ROC,253.0,243.0,-10.0
2013,7,10,UA,SFO,206.0,243.0,37.0
2013,7,18,B6,MCO,257.0,243.0,-14.0
2013,8,25,US,PHX,286.0,243.0,-43.0
2013,6,27,9E,MCI,158.0,242.0,84.0
2013,6,28,DL,MIA,224.0,242.0,18.0
2013,7,17,9E,PHL,238.0,242.0,4.0
2013,6,28,9E,BOS,277.0,241.0,-36.0
2013,6,7,AA,SFO,277.0,241.0,-36.0
2013,6,26,DL,SFO,260.0,241.0,-19.0
2013,8,28,MQ,TPA,255.0,241.0,-14.0
2013,8,9,DL,PDX,219.0,240.0,21.0
2013,7,23,B6,ORD,192.0,240.0,48.0
2013,8,9,AA,BOS,216.0,239.0,23.0
2013,6,24,MQ,CVG,232.0,238.0,6.0
2013,7,22,9E,BOS,205.0,238.0,33.0
2013,6,17,B6,SJU,228.0,238.0,10.0
2013,7,10,DL,SAT,249.0,238.0,-11.0
2013,7,10,B6,SMF,224.0,238.0,14.0
2013,6,13,9E,IND,199.0,237.0,38.0
2013,7,3,DL,SFO,296.0,237.0,-59.0
2013,8,1,9E,DTW,228.0,237.0,9.0
2013,7,22,AA,LAS,182.0,237.0,55.0
2013,7,8,DL,BOS,271.0,236.0,-35.0
2013,8,1,VX,SFO,187.0,236.0,49.0
2013,7,25,B6,LAX,245.0,235.0,-10.0
2013,7,19,UA,SFO,217.0,235.0,18.0
2013,6,10,DL,SLC,215.0,235.0,20.0
2013,8,5,AA,LAX,208.0,235.0,27.0
2013,6,24,AA,SFO,187.0,235.0,48.0
2013,7,3,DL,SEA,253.0,234.0,-19.0
2013,6,17,B6,BOS,182.0,234.0,52.0
2013,6,2,VX,LAX,222.0,234.0,12.0
2013,7,10,B6,BOS,210.0,233.0,23.0
2013,6,14,DL,MIA,244.0,232.0,-12.0
2013,7,22,DL,MIA,225.0,232.0,7.0
2013,8,3,DL,SAN,248.0,231.0,-17.0
2013,7,17,9E,CLE,216.0,231.0,15.0
2013,6,21,9E,DTW,260.0,231.0,-29.0
2013,6,7,B6,MCO,216.0,231.0,15.0
2013,6,18,9E,IND,243.0,230.0,-13.0
2013,7,10,B6,SFO,168.0,230.0,62.0
2013,6,2,9E,ORF,213.0,229.0,16.0
2013,7,22,AA,SEA,190.0,229.0,39.0
2013,6,13,B6,MSY,248.0,229.0,-19.0
2013,7,19,EV,IAD,230.0,229.0,-1.0
2013,7,29,B6,BOS,245.0,229.0,-16.0
2013,6,10,US,PHX,240.0,229.0,-11.0
2013,7,21,9E,ORD,251.0,228.0,-23.0
2013,7,22,MQ,CMH,151.0,228.0,77.0
2013,7,8,DL,DTW,217.0,228.0,11.0
2013,6,24,9E,DFW,247.0,228.0,-19.0
2013,8,20,DL,LAS,245.0,227.0,-18.0
2013,8,2,9E,CVG,255.0,227.0,-28.0
2013,8,8,DL,ATL,230.0,227.0,-3.0
2013,7,10,9E,RDU,159.0,227.0,68.0
2013,7,22,VX,LAX,180.0,227.0,47.0
2013,8,4,AA,SJU,212.0,227.0,15.0
2013,8,1,DL,ATL,241.0,227.0,-14.0
2013,8,28,B6,BOS,205.0,227.0,22.0
2013,6,13,AA,SFO,217.0,226.0,9.0
2013,7,10,B6,SJC,212.0,226.0,14.0
2013,6,23,B6,FLL,175.0,226.0,51.0
2013,6,18,B6,MCO,255.0,226.0,-29.0
2013,7,12,9E,IAD,229.0,226.0,-3.0
2013,7,7,B6,BUF,240.0,226.0,-14.0
2013,7,10,B6,FLL,213.0,226.0,13.0
2013,6,24,9E,PHL,143.0,226.0,83.0
2013,6,28,MQ,DCA,208.0,225.0,17.0
2013,6,30,AA,ORD,245.0,225.0,-20.0
2013,8,24,9E,MSP,269.0,225.0,-44.0
2013,7,11,B6,CHS,219.0,225.0,6.0
2013,7,10,DL,LAS,233.0,225.0,-8.0
2013,6,28,AA,LAX,254.0,224.0,-30.0
2013,7,22,MQ,BWI,179.0,224.0,45.0
2013,7,23,DL,LAX,209.0,224.0,15.0
2013,6,7,B6,PHX,238.0,224.0,-14.0
2013,7,22,9E,ORD,172.0,223.0,51.0
2013,7,23,B6,AUS,224.0,223.0,-1.0
2013,6,17,9E,MKE,184.0,223.0,39.0
2013,8,22,B6,BUR,236.0,222.0,-14.0
2013,7,21,EV,IAD,183.0,222.0,39.0
2013,7,10,9E,PIT,222.0,222.0,0.0
2013,6,7,9E,CVG,226.0,222.0,-4.0
2013,6,2,UA,LAX,193.0,222.0,29.0
2013,7,22,9E,RDU,238.0,221.0,-17.0
2013,8,17,B6,PDX,255.0,221.0,-34.0
2013,7,10,B6,ROC,200.0,221.0,21.0
2013,7,1,B6,MCO,235.0,221.0,-14.0
2013,7,22,B6,SFO,169.0,221.0,52.0
2013,7,23,B6,ACK,219.0,221.0,2.0
2013,6,28,VX,LAX,233.0,221.0,-12.0
2013,7,28,9E,MSY,160.0,220.0,60.0
2013,6,27,B6,SFO,166.0,220.0,54.0
2013,7,10,B6,PDX,173.0,220.0,47.0
2013,6,7,9E,BNA,151.0,220.0,69.0
2013,7,23,DL,SEA,207.0,220.0,13.0
2013,7,1,B6,MCO,211.0,219.0,8.0
2013,7,2,9E,IND,214.0,219.0,5.0
2013,7,2,B6,FLL,222.0,219.0,-3.0
2013,7,10,9E,JAX,226.0,219.0,-7.0
2013,7,11,DL,SEA,233.0,219.0,-14.0
2013,6,30,US,PHX,242.0,219.0,-23.0
2013,6,30,MQ,BNA,238.0,218.0,-20.0
2013,7,10,B6,DEN,249.0,218.0,-31.0
2013,7,1,B6,BUF,230.0,218.0,-12.0
2013,6,30,B6,BTV,191.0,218.0,27.0
2013,7,10,DL,SAN,118.0,218.0,100.0
2013,8,3,EV,IAD,184.0,218.0,34.0
2013,6,14,DL,SFO,145.0,217.0,72.0
2013,6,28,B6,MCO,233.0,217.0,-16.0
2013,6,18,B6,BUF,166.0,217.0,51.0
2013,8,8,AA,SAN,184.0,217.0,33.0
2013,6,14,9E,ORF,229.0,216.0,-13.0
2013,8,1,B6,PDX,215.0,215.0,0.0
2013,8,28,9E,PHL,216.0,215.0,-1.0
2013,6,7,MQ,RDU,199.0,214.0,15.0
2013,7,28,MQ,IND,132.0,214.0,82.0
2013,6,24,B6,ORD,116.0,214.0,98.0
2013,6,25,B6,AUS,204.0,214.0,10.0
2013,8,28,B6,CLT,170.0,214.0,44.0
2013,7,24,B6,MCO,208.0,213.0,5.0
2013,6,13,B6,PBI,167.0,213.0,46.0
2013,7,22,9E,DTW,165.0,213.0,48.0
2013,7,25,VX,LAX,233.0,213.0,-20.0
2013,7,19,DL,BOS,245.0,213.0,-32.0
2013,6,13,B6,MSY,137.0,213.0,76.0
2013,6,7,MQ,DCA,168.0,212.0,44.0
2013,7,9,VX,SFO,235.0,212.0,-23.0
2013,6,27,B6,ROC,146.0,212.0,66.0
2013,8,8,B6,BOS,191.0,212.0,21.0
2013,6,28,AA,LAX,200.0,211.0,11.0
2013,6,2,VX,SFO,200.0,211.0,11.0
2013,8,30,AA,SJU,237.0,211.0,-26.0
2013,7,7,B6,SYR,227.0,211.0,-16.0
2013,7,3,9E,PIT,216.0,211.0,-5.0
2013,7,12,UA,SFO,232.0,211.0,-21.0
2013,7,28,9E,ORD,170.0,210.0,40.0
2013,6,25,DL,TPA,236.0,209.0,-27.0
2013,6,24,9E,CLT,150.0,209.0,59.0
2013,8,8,B6,PWM,172.0,209.0,37.0
2013,6,23,AA,SFO,163.0,209.0,46.0
2013,7,22,B6,PWM,227.0,209.0,-18.0
2013,6,30,B6,BUR,207.0,209.0,2.0
2013,7,5,9E,BWI,211.0,209.0,-2.0
2013,7,11,B6,ORD,232.0,208.0,-24.0
2013,8,24,B6,MCO,244.0,208.0,-36.0
2013,7,8,AA,SFO,225.0,208.0,-17.0
2013,6,17,DL,BOS,185.0,208.0,23.0
2013,8,28,B6,MCO,224.0,208.0,-16.0
2013,6,24,9E,IAD,168.0,208.0,40.0
2013,6,17,B6,RSW,167.0,207.0,40.0
2013,8,23,DL,MIA,195.0,207.0,12.0
2013,7,8,9E,CHS,229.0,207.0,-22.0
2013,7,25,B6,SYR,188.0,207.0,19.0
2013,7,22,AA,LAX,191.0,207.0,16.0
2013,6,24,B6,TPA,222.0,206.0,-16.0
2013,6,25,9E,DCA,204.0,206.0,2.0
2013,6,18,US,PHX,229.0,206.0,-23.0
2013,7,2,B6,BUF,199.0,206.0,7.0
2013,6,7,EV,IAD,199.0,206.0,7.0
2013,7,12,9E,PHL,161.0,206.0,45.0
2013,7,12,9E,BWI,184.0,206.0,22.0
2013,7,22,B6,BTV,209.0,206.0,-3.0
2013,6,26,VX,SFO,196.0,205.0,9.0
2013,8,8,B6,JAX,218.0,205.0,-13.0
2013,7,8,9E,JAX,247.0,205.0,-42.0
2013,7,1,AA,IAH,203.0,205.0,2.0
2013,6,18,B6,IAD,225.0,205.0,-20.0
2013,7,14,MQ,CMH,227.0,205.0,-22.0
2013,6,27,VX,LAX,204.0,205.0,1.0
2013,7,22,B6,BOS,171.0,205.0,34.0
2013,6,25,B6,BUF,213.0,204.0,-9.0
2013,6,13,MQ,CMH,184.0,204.0,20.0
2013,8,8,B6,SMF,184.0,204.0,20.0
2013,6,10,9E,MKE,192.0,204.0,12.0
2013,7,1,B6,MCO,204.0,204.0,0.0
2013,7,5,B6,MCO,235.0,203.0,-32.0
2013,6,24,MQ,BNA,193.0,203.0,10.0
2013,7,22,B6,MCO,105.0,203.0,98.0
2013,6,27,B6,BUF,191.0,203.0,12.0
2013,7,24,9E,CVG,213.0,203.0,-10.0
2013,6,30,AA,SAN,194.0,202.0,8.0
2013,6,27,B6,FLL,130.0,202.0,72.0
2013,6,14,B6,OAK,218.0,202.0,-16.0
2013,7,19,B6,FLL,197.0,202.0,5.0
2013,6,24,B6,OAK,187.0,202.0,15.0
2013,6,13,9E,BNA,174.0,201.0,27.0
2013,7,1,B6,BOS,207.0,201.0,-6.0
2013,7,30,VX,SFO,172.0,201.0,29.0
2013,7,1,B6,PBI,136.0,201.0,65.0
2013,8,8,VX,LAX,175.0,200.0,25.0
2013,6,7,9E,CVG,215.0,200.0,-15.0
2013,6,13,9E,RDU,209.0,200.0,-9.0
2013,7,7,UA,SFO,114.0,200.0,86.0
2013,6,10,9E,CLT,170.0,199.0,29.0
2013,6,28,VX,SFO,172.0,199.0,27.0
2013,6,29,9E,DTW,204.0,199.0,-5.0
2013,8,8,B6,PHX,176.0,199.0,23.0
2013,8,9,B6,SJU,218.0,198.0,-20.0
2013,7,10,UA,LAX,129.0,198.0,69.0
2013,7,23,DL,SAN,162.0,198.0,36.0
2013,7,9,9E,IAD,230.0,198.0,-32.0
2013,8,13,B6,SJU,106.0,197.0,91.0
2013,7,28,AA,LAX,169.0,197.0,28.0
2013,6,24,DL,SFO,205.0,197.0,-8.0
2013,6,12,9E,ORD,168.0,197.0,29.0
2013,8,8,B6,ROC,213.0,197.0,-16.0
2013,6,30,DL,ATL,194.0,197.0,3.0
2013,6,24,UA,SFO,163.0,197.0,34.0
2013,6,23,9E,IND,209.0,196.0,-13.0
2013,7,8,9E,DTW,218.0,196.0,-22.0
2013,7,7,DL,SFO,108.0,196.0,88.0
2013,7,28,UA,LAX,140.0,196.0,56.0
2013,7,25,B6,SYR,212.0,195.0,-17.0
2013,6,25,B6,SFO,207.0,195.0,-12.0
2013,7,7,B6,BOS,206.0,195.0,-11.0
2013,6,10,9E,ORD,183.0,195.0,12.0
2013,6,10,9E,PHL,153.0,195.0,42.0
2013,6,24,B6,MCO,209.0,195.0,-14.0
2013,7,7,EV,IAD,200.0,195.0,-5.0
2013,6,27,AA,IAH,184.0,195.0,11.0
2013,6,28,VX,SFO,142.0,194.0,52.0
2013,7,22,AA,IAH,163.0,194.0,31.0
2013,6,27,B6,SJU,175.0,194.0,19.0
2013,8,28,B6,RSW,194.0,194.0,0.0
2013,8,9,B6,RSW,215.0,194.0,-21.0
2013,7,10,AA,LAS,125.0,194.0,69.0
2013,6,24,DL,SAT,226.0,194.0,-32.0
2013,7,10,MQ,ORF,187.0,193.0,6.0
2013,7,1,B6,LGB,123.0,193.0,70.0
2013,8,4,9E,DTW,211.0,193.0,-18.0
2013,6,13,9E,BWI,191.0,193.0,2.0
2013,7,28,UA,SFO,127.0,193.0,66.0
2013,7,7,VX,LAX,150.0,193.0,43.0
2013,6,13,AA,LAX,157.0,193.0,36.0
2013,6,28,B6,FLL,190.0,193.0,3.0
2013,7,28,B6,LGB,120.0,193.0,73.0
2013,6,13,9E,ORF,101.0,193.0,92.0
2013,8,28,B6,BUF,196.0,193.0,-3.0
2013,6,7,B6,PWM,100.0,193.0,93.0
2013,7,27,B6,CLT,202.0,192.0,-10.0
2013,7,10,B6,JAX,197.0,192.0,-5.0
2013,6,29,9E,MKE,185.0,192.0,7.0
2013,7,21,UA,LAX,172.0,192.0,20.0
2013,7,4,B6,AUS,185.0,192.0,7.0
2013,7,16,B6,BOS,207.0,192.0,-15.0
2013,8,28,B6,HOU,187.0,191.0,4.0
2013,6,8,9E,BOS,208.0,191.0,-17.0
2013,8,8,VX,LAX,204.0,191.0,-13.0
2013,8,2,AA,LAS,201.0,191.0,-10.0
2013,7,22,MQ,CMH,41.0,191.0,150.0
2013,8,22,9E,IND,207.0,191.0,-16.0
2013,7,8,9E,DCA,198.0,191.0,-7.0
2013,7,9,9E,DFW,155.0,191.0,36.0
2013,6,28,9E,ORD,239.0,191.0,-48.0
2013,6,26,B6,SFO,203.0,191.0,-12.0
2013,6,13,B6,SYR,202.0,191.0,-11.0
2013,7,9,9E,DTW,204.0,191.0,-13.0
2013,7,28,DL,AUS,100.0,191.0,91.0
2013,8,2,B6,LAS,187.0,191.0,4.0
2013,7,1,9E,DFW,194.0,190.0,-4.0
2013,6,18,B6,BUF,221.0,190.0,-31.0
2013,8,28,AA,LAX,180.0,190.0,10.0
2013,7,28,EV,IAD,94.0,190.0,96.0
2013,6,18,AA,TPA,185.0,190.0,5.0
2013,7,29,DL,PDX,190.0,190.0,0.0
2013,8,16,DL,FLL,223.0,189.0,-34.0
2013,6,13,DL,TPA,151.0,189.0,38.0
2013,8,28,B6,PWM,164.0,189.0,25.0
2013,6,25,VX,SFO,187.0,189.0,2.0
2013,7,10,MQ,DCA,176.0,189.0,13.0
2013,6,27,B6,BUF,199.0,189.0,-10.0
2013,6,25,9E,PHL,199.0,189.0,-10.0
2013,7,11,B6,FLL,159.0,189.0,30.0
2013,7,10,B6,LAS,106.0,188.0,82.0
2013,8,22,B6,SJU,203.0,188.0,-15.0
2013,6,26,9E,JAX,171.0,188.0,17.0
2013,6,25,VX,LAX,182.0,188.0,6.0
2013,7,7,DL,BOS,192.0,188.0,-4.0
2013,7,1,DL,SFO,245.0,188.0,-57.0
2013,6,4,B6,FLL,175.0,188.0,13.0
2013,6,24,B6,LAS,204.0,188.0,-16.0
2013,6,15,MQ,DCA,174.0,187.0,13.0
2013,6,23,DL,ATL,126.0,187.0,61.0
2013,6,28,AA,SFO,145.0,187.0,42.0
2013,6,24,B6,DEN,222.0,187.0,-35.0
2013,7,22,AA,SFO,192.0,187.0,-5.0
2013,7,9,9E,ORD,85.0,187.0,102.0
2013,8,28,B6,MCO,200.0,187.0,-13.0
2013,6,2,MQ,DCA,122.0,187.0,65.0
2013,7,1,B6,PDX,235.0,186.0,-49.0
2013,8,28,9E,BWI,157.0,186.0,29.0
2013,8,8,B6,BUR,127.0,186.0,59.0
2013,7,28,MQ,CMH,148.0,186.0,38.0
2013,7,10,B6,PWM,201.0,186.0,-15.0
2013,7,7,DL,SFO,141.0,185.0,44.0
2013,7,22,MQ,DCA,171.0,185.0,14.0
2013,7,23,9E,BUF,163.0,185.0,22.0
2013,8,1,VX,LAX,193.0,185.0,-8.0
2013,6,25,AA,SFO,158.0,185.0,27.0
2013,6,28,B6,LAS,195.0,185.0,-10.0
2013,7,8,VX,SFO,218.0,185.0,-33.0
2013,7,29,B6,SFO,187.0,185.0,-2.0
2013,7,29,B6,BUF,206.0,185.0,-21.0
2013,6,18,9E,MCI,190.0,185.0,-5.0
2013,7,9,AA,SFO,156.0,185.0,29.0
2013,7,2,AA,IAH,146.0,185.0,39.0
2013,6,24,B6,FLL,186.0,185.0,-1.0
2013,8,28,DL,DTW,187.0,185.0,-2.0
2013,6,28,MQ,ORF,126.0,185.0,59.0
2013,7,23,B6,LAX,201.0,185.0,-16.0
2013,6,7,MQ,BNA,151.0,185.0,34.0
2013,6,7,AA,TPA,189.0,185.0,-4.0
2013,7,22,DL,SAT,114.0,185.0,71.0
2013,8,5,B6,BUR,195.0,184.0,-11.0
2013,7,18,B6,AUS,204.0,184.0,-20.0
2013,6,26,B6,MCO,168.0,184.0,16.0
2013,6,27,AA,BOS,85.0,184.0,99.0
2013,7,28,B6,ROC,197.0,184.0,-13.0
2013,7,28,UA,SFO,87.0,183.0,96.0
2013,6,23,B6,RSW,182.0,183.0,1.0
2013,6,24,US,CLT,169.0,183.0,14.0
2013,7,11,VX,SFO,187.0,183.0,-4.0
2013,7,23,9E,CVG,161.0,183.0,22.0
2013,6,24,B6,PDX,211.0,183.0,-28.0
2013,7,9,VX,SFO,196.0,183.0,-13.0
2013,7,18,B6,SJU,191.0,183.0,-8.0
2013,6,7,9E,MCI,118.0,182.0,64.0
2013,6,27,B6,SFO,167.0,182.0,15.0
2013,7,8,B6,CHS,177.0,182.0,5.0
2013,7,23,VX,LAX,186.0,182.0,-4.0
2013,7,23,DL,AUS,194.0,182.0,-12.0
2013,6,28,B6,PSE,198.0,182.0,-16.0
2013,6,17,MQ,CVG,145.0,182.0,37.0
2013,7,7,AA,SFO,122.0,182.0,60.0
2013,7,1,B6,LAS,219.0,182.0,-37.0
2013,7,23,9E,PHL,186.0,182.0,-4.0
2013,7,16,VX,SFO,214.0,182.0,-32.0
2013,7,22,B6,LAS,132.0,181.0,49.0
2013,7,9,B6,ORD,100.0,181.0,81.0
2013,6,30,B6,PBI,127.0,181.0,54.0
2013,7,2,DL,SJU,182.0,181.0,-1.0
2013,7,21,MQ,ORF,185.0,181.0,-4.0
2013,6,17,MQ,BNA,130.0,181.0,51.0
2013,8,8,DL,PHX,120.0,180.0,60.0
2013,7,19,AA,MIA,204.0,180.0,-24.0
2013,8,22,AA,LAX,212.0,180.0,-32.0
2013,6,25,B6,PBI,205.0,180.0,-25.0
2013,7,10,MQ,BNA,112.0,180.0,68.0
2013,6,25,9E,IND,162.0,180.0,18.0
2013,6,24,B6,JAX,198.0,180.0,-18.0
2013,6,28,DL,DEN,228.0,180.0,-48.0
2013,7,23,B6,SJU,184.0,180.0,-4.0
2013,7,1,B6,SJC,229.0,180.0,-49.0
2013,7,7,DL,SFO,60.0,179.0,119.0
2013,8,1,9E,CVG,160.0,179.0,19.0
2013,7,1,DL,BOS,196.0,178.0,-18.0
2013,8,1,B6,IAD,179.0,178.0,-1.0
2013,7,1,9E,PHL,182.0,178.0,-4.0
2013,7,22,B6,BUF,136.0,178.0,42.0
2013,7,23,B6,BOS,183.0,178.0,-5.0
2013,7,22,UA,LAX,119.0,178.0,59.0
2013,7,23,MQ,IND,113.0,178.0,65.0
2013,7,23,MQ,DCA,189.0,178.0,-11.0
2013,6,30,DL,SFO,150.0,178.0,28.0
2013,7,22,B6,DEN,154.0,178.0,24.0
2013,6,29,B6,LAS,223.0,178.0,-45.0
2013,6,28,9E,MSP,193.0,178.0,-15.0
2013,8,8,B6,SYR,164.0,178.0,14.0
2013,7,10,DL,SFO,16.0,177.0,161.0
2013,7,29,VX,SFO,118.0,177.0,59.0
2013,7,8,9E,DCA,194.0,177.0,-17.0
2013,7,22,MQ,ORF,88.0,177.0,89.0
2013,7,22,9E,MKE,119.0,177.0,58.0
2013,8,8,DL,LAX,148.0,177.0,29.0
2013,7,16,AA,LAX,186.0,177.0,-9.0
2013,7,16,AA,SFO,175.0,177.0,2.0
2013,6,13,VX,SFO,102.0,177.0,75.0
2013,8,8,MQ,CMH,162.0,177.0,15.0
2013,7,23,9E,RDU,193.0,177.0,-16.0
2013,7,1,B6,MCO,194.0,177.0,-17.0
2013,7,22,B6,SJC,125.0,177.0,52.0
2013,7,28,B6,FLL,151.0,176.0,25.0
2013,6,7,DL,MSY,154.0,176.0,22.0
2013,7,8,UA,SFO,135.0,176.0,41.0
2013,7,22,AA,BOS,170.0,176.0,6.0
2013,6,18,B6,MCO,180.0,176.0,-4.0
2013,7,31,MQ,RDU,186.0,176.0,-10.0
2013,7,20,DL,ATL,128.0,176.0,48.0
2013,7,8,US,PHX,203.0,176.0,-27.0
2013,7,28,DL,SEA,136.0,176.0,40.0
2013,7,8,9E,MSP,200.0,175.0,-25.0
2013,7,9,UA,SFO,139.0,175.0,36.0
2013,7,19,B6,SEA,148.0,175.0,27.0
2013,6,2,US,CLT,144.0,175.0,31.0
2013,6,12,9E,MSP,203.0,175.0,-28.0
2013,7,9,DL,PDX,106.0,175.0,69.0
2013,7,2,B6,BTV,182.0,175.0,-7.0
2013,8,3,MQ,CLE,135.0,175.0,40.0
2013,7,10,B6,BUF,192.0,175.0,-17.0
2013,6,25,9E,CLT,166.0,175.0,9.0
2013,7,23,AA,ORD,139.0,174.0,35.0
2013,7,23,9E,DCA,133.0,174.0,41.0
2013,6,28,B6,LGB,123.0,174.0,51.0
2013,6,25,VX,SFO,172.0,174.0,2.0
2013,7,22,AA,LAX,119.0,174.0,55.0
2013,6,30,B6,MCO,125.0,173.0,48.0
2013,7,13,MQ,RDU,184.0,173.0,-11.0
2013,8,9,B6,BOS,185.0,173.0,-12.0
2013,8,9,DL,SJU,189.0,173.0,-16.0
2013,8,8,AA,ORD,171.0,173.0,2.0
2013,6,7,MQ,DCA,154.0,173.0,19.0
2013,7,1,B6,SLC,210.0,173.0,-37.0
2013,7,22,B6,BUF,132.0,173.0,41.0
2013,7,8,9E,BUF,131.0,173.0,42.0
2013,8,8,9E,CVG,181.0,172.0,-9.0
2013,6,10,9E,CVG,141.0,172.0,31.0
2013,8,8,B6,SJU,176.0,172.0,-4.0
2013,7,10,B6,LAS,188.0,172.0,-16.0
2013,7,25,9E,JAX,176.0,172.0,-4.0
2013,8,9,B6,FLL,190.0,172.0,-18.0
2013,8,3,DL,SEA,178.0,172.0,-6.0
2013,7,1,B6,TPA,183.0,172.0,-11.0
2013,6,17,AA,MIA,116.0,172.0,56.0
2013,8,11,AA,SFO,140.0,172.0,32.0
2013,6,13,B6,BTV,186.0,172.0,-14.0
2013,7,3,B6,IAD,157.0,172.0,15.0
2013,8,16,B6,MCO,161.0,172.0,11.0
2013,7,27,B6,SYR,185.0,172.0,-13.0
2013,7,23,B6,BUR,117.0,172.0,55.0
2013,6,28,B6,BUF,189.0,172.0,-17.0
2013,6,24,B6,MSY,200.0,171.0,-29.0
2013,7,22,UA,SFO,159.0,171.0,12.0
2013,6,13,DL,FLL,168.0,171.0,3.0
2013,7,1,B6,SEA,208.0,171.0,-37.0
2013,7,1,B6,LAX,190.0,171.0,-19.0
2013,6,28,9E,PHL,197.0,171.0,-26.0
2013,6,10,9E,IND,149.0,171.0,22.0
2013,8,2,MQ,BWI,175.0,171.0,-4.0
2013,8,8,B6,SJC,95.0,171.0,76.0
2013,6,23,UA,SFO,105.0,171.0,66.0
2013,7,17,AA,SFO,210.0,171.0,-39.0
2013,7,12,VX,SFO,150.0,171.0,21.0
2013,6,10,MQ,IND,169.0,171.0,2.0
2013,8,23,B6,BUF,164.0,171.0,7.0
2013,7,10,DL,PDX,51.0,171.0,120.0
2013,8,27,DL,TPA,215.0,171.0,-44.0
2013,7,7,B6,BOS,181.0,170.0,-11.0
2013,7,2,B6,SJU,168.0,170.0,2.0
2013,6,24,B6,SJC,133.0,170.0,37.0
2013,6,24,B6,JAX,73.0,170.0,97.0
2013,7,16,VX,SFO,189.0,170.0,-19.0
2013,6,2,B6,MCO,197.0,170.0,-27.0
2013,6,30,B6,RDU,183.0,170.0,-13.0
2013,6,10,DL,FLL,154.0,169.0,15.0
2013,8,8,VX,SFO,154.0,169.0,15.0
2013,7,28,VX,LAX,92.0,169.0,77.0
2013,7,22,B6,TPA,122.0,169.0,47.0
2013,7,10,DL,SFO,23.0,169.0,146.0
2013,7,2,B6,MCO,93.0,169.0,76.0
2013,6,29,B6,SJU,194.0,169.0,-25.0
2013,7,8,AA,SFO,141.0,169.0,28.0
2013,7,11,VX,SFO,209.0,169.0,-40.0
2013,6,27,B6,MCO,147.0,169.0,22.0
2013,6,25,B6,PBI,155.0,169.0,14.0
2013,7,21,B6,MCO,192.0,169.0,-23.0
2013,8,10,9E,CLT,178.0,168.0,-10.0
2013,7,12,9E,MVY,183.0,168.0,-15.0
2013,7,10,DL,SLC,54.0,168.0,114.0
2013,7,11,B6,BOS,165.0,168.0,3.0
2013,7,21,EV,IAD,164.0,168.0,4.0
2013,7,7,B6,JAX,163.0,168.0,5.0
2013,6,7,B6,BUF,147.0,168.0,21.0
2013,6,24,VX,LAX,189.0,168.0,-21.0
2013,7,9,UA,SFO,156.0,168.0,12.0
2013,7,23,AA,LAX,189.0,168.0,-21.0
2013,7,28,AA,SFO,122.0,168.0,46.0
2013,7,23,B6,BOS,171.0,168.0,-3.0
2013,7,28,DL,LAX,160.0,167.0,7.0
2013,8,28,9E,CLE,153.0,167.0,14.0
2013,6,30,B6,LAX,188.0,167.0,-21.0
2013,6,18,B6,BUF,175.0,167.0,-8.0
2013,8,8,B6,LAS,182.0,167.0,-15.0
2013,6,24,UA,SFO,128.0,167.0,39.0
2013,8,9,UA,SFO,122.0,167.0,45.0
2013,6,24,MQ,DCA,53.0,167.0,114.0
2013,6,23,EV,IAD,166.0,167.0,1.0
2013,6,7,9E,CLT,120.0,167.0,47.0
2013,6,16,B6,LAX,177.0,166.0,-11.0
2013,6,25,B6,TPA,109.0,166.0,57.0
2013,6,13,B6,BUR,46.0,166.0,120.0
2013,7,22,B6,MCO,159.0,166.0,7.0
2013,7,9,VX,LAX,183.0,166.0,-17.0
2013,7,26,9E,CLE,186.0,166.0,-20.0
2013,7,12,B6,SJU,168.0,166.0,-2.0
2013,7,6,B6,PBI,172.0,166.0,-6.0
2013,6,27,AA,SFO,81.0,166.0,85.0
2013,7,12,VX,SFO,211.0,166.0,-45.0
2013,6,27,B6,ORD,94.0,166.0,72.0
2013,7,23,MQ,CMH,168.0,166.0,-2.0
2013,6,17,9E,RDU,159.0,166.0,7.0
2013,6,7,9E,JAX,178.0,166.0,-12.0
2013,6,2,MQ,CMH,176.0,166.0,-10.0
2013,8,28,UA,SFO,151.0,166.0,15.0
2013,7,22,B6,PDX,114.0,165.0,51.0
2013,6,27,9E,MSY,149.0,165.0,16.0
2013,8,4,DL,SAT,190.0,165.0,-25.0
2013,6,13,9E,IAD,139.0,165.0,26.0
2013,7,21,9E,BWI,175.0,165.0,-10.0
2013,7,28,B6,MSY,126.0,165.0,39.0
2013,6,28,DL,PDX,198.0,165.0,-33.0
2013,8,12,UA,SFO,153.0,165.0,12.0
2013,6,30,B6,ORD,136.0,165.0,29.0
2013,7,1,9E,MSP,206.0,165.0,-41.0
2013,7,13,B6,BQN,171.0,165.0,-6.0
2013,8,4,AA,SFO,150.0,165.0,15.0
2013,8,8,DL,SFO,111.0,165.0,54.0
2013,7,22,B6,IAD,80.0,164.0,84.0
2013,7,28,DL,DEN,99.0,164.0,65.0
2013,7,1,B6,AUS,150.0,164.0,14.0
2013,7,19,9E,BWI,183.0,164.0,-19.0
2013,6,23,B6,SFO,135.0,164.0,29.0
2013,6,7,B6,SEA,92.0,164.0,72.0
2013,7,1,9E,ORD,210.0,164.0,-46.0
2013,7,19,B6,PHX,189.0,164.0,-25.0
2013,6,13,9E,ORF,131.0,164.0,33.0
2013,7,22,DL,PHX,72.0,164.0,92.0
2013,6,10,9E,CVG,122.0,164.0,42.0
2013,7,11,B6,PBI,155.0,164.0,9.0
2013,6,27,B6,RSW,66.0,163.0,97.0
2013,6,18,B6,PWM,190.0,163.0,-27.0
2013,7,28,B6,ORD,116.0,163.0,47.0
2013,7,13,B6,AUS,168.0,163.0,-5.0
2013,7,13,9E,RIC,126.0,163.0,37.0
2013,7,13,B6,PSE,184.0,163.0,-21.0
2013,8,2,B6,PBI,129.0,163.0,34.0
2013,7,12,B6,MCO,145.0,163.0,18.0
2013,6,13,B6,ROC,142.0,163.0,21.0
2013,6,26,B6,PBI,109.0,163.0,54.0
2013,7,23,B6,MCO,153.0,163.0,10.0
2013,6,4,9E,MSP,171.0,163.0,-8.0
2013,6,2,9E,CVG,185.0,163.0,-22.0
2013,6,25,B6,SJU,142.0,163.0,21.0
2013,8,8,B6,FLL,154.0,162.0,8.0
2013,7,22,DL,SLC,124.0,162.0,38.0
2013,7,28,B6,LAX,59.0,162.0,103.0
2013,7,28,MQ,RDU,136.0,162.0,26.0
2013,7,22,UA,LAX,93.0,162.0,69.0
2013,7,21,AA,MIA,154.0,162.0,8.0
2013,7,9,9E,JAX,179.0,162.0,-17.0
2013,6,10,9E,MCI,162.0,162.0,0.0
2013,6,27,B6,FLL,138.0,162.0,24.0
2013,7,18,B6,PBI,154.0,162.0,8.0
2013,6,23,DL,SFO,151.0,162.0,11.0
2013,7,10,B6,LAX,169.0,162.0,-7.0
2013,7,24,MQ,PIT,165.0,162.0,-3.0
2013,6,17,AA,SEA,136.0,162.0,26.0
2013,7,2,B6,PWM,167.0,161.0,-6.0
2013,6,9,9E,CVG,198.0,161.0,-37.0
2013,7,18,B6,ORD,168.0,161.0,-7.0
2013,6,28,B6,LAX,181.0,161.0,-20.0
2013,6,30,B6,MVY,150.0,161.0,11.0
2013,6,25,AA,SFO,181.0,161.0,-20.0
2013,7,8,B6,ROC,167.0,161.0,-6.0
2013,7,23,B6,MCO,153.0,161.0,8.0
2013,6,28,B6,DEN,180.0,161.0,-19.0
2013,6,27,VX,SFO,118.0,161.0,43.0
2013,7,10,9E,CVG,178.0,161.0,-17.0
2013,7,28,B6,BUR,15.0,161.0,146.0
2013,6,24,B6,PWM,120.0,161.0,41.0
2013,8,10,DL,BOS,167.0,160.0,-7.0
2013,6,27,B6,HOU,121.0,160.0,39.0
2013,8,19,MQ,IND,145.0,160.0,15.0
2013,6,26,B6,RSW,150.0,160.0,10.0
2013,7,10,B6,MCO,163.0,160.0,-3.0
2013,6,13,9E,PHL,182.0,160.0,-22.0
2013,7,10,B6,ROC,89.0,160.0,71.0
2013,6,27,DL,SAT,163.0,160.0,-3.0
2013,8,1,9E,JAX,156.0,160.0,4.0
2013,6,14,B6,SEA,36.0,160.0,124.0
2013,6,3,9E,ORD,181.0,160.0,-21.0
2013,6,10,B6,MSY,127.0,160.0,33.0
2013,8,9,VX,SFO,172.0,159.0,-13.0
2013,7,3,DL,SFO,186.0,159.0,-27.0
2013,7,18,B6,SLC,172.0,159.0,-13.0
2013,6,16,B6,LAS,144.0,159.0,15.0
2013,6,7,AA,BOS,76.0,159.0,83.0
2013,6,16,AA,LAX,144.0,159.0,15.0
2013,6,7,9E,MSP,92.0,159.0,67.0
2013,6,7,AA,MIA,91.0,159.0,68.0
2013,6,25,DL,SFO,141.0,159.0,18.0
2013,7,22,9E,DCA,160.0,158.0,-2.0
2013,7,22,B6,LAS,82.0,158.0,76.0
2013,7,22,DL,LAX,103.0,158.0,55.0
2013,6,10,UA,LAX,129.0,158.0,29.0
2013,6,25,B6,JAX,157.0,158.0,1.0
2013,7,23,EV,IAD,165.0,158.0,-7.0
2013,8,8,9E,ORD,98.0,158.0,60.0
2013,7,16,B6,LAS,197.0,158.0,-39.0
2013,7,3,9E,MSY,184.0,158.0,-26.0
2013,7,1,9E,CVG,184.0,158.0,-26.0
2013,8,17,B6,SJU,168.0,158.0,-10.0
2013,6,17,AA,AUS,102.0,157.0,55.0
2013,7,18,AA,MIA,164.0,157.0,-7.0
2013,6,25,UA,LAX,122.0,157.0,35.0
2013,8,10,MQ,IND,167.0,157.0,-10.0
2013,6,7,B6,ORD,144.0,157.0,13.0
2013,7,1,B6,SFO,212.0,157.0,-55.0
2013,6,25,B6,MCO,161.0,157.0,-4.0
2013,7,5,B6,SJU,147.0,157.0,10.0
2013,6,17,AA,SFO,141.0,157.0,16.0
2013,6,28,B6,BUF,148.0,157.0,9.0
2013,7,7,B6,AUS,118.0,157.0,39.0
2013,7,1,AA,SAN,172.0,157.0,-15.0
2013,6,15,MQ,DCA,181.0,156.0,-25.0
2013,7,22,B6,BUF,25.0,156.0,131.0
2013,8,2,9E,RDU,187.0,156.0,-31.0
2013,6,24,AA,SFO,133.0,156.0,23.0
2013,7,28,B6,BTV,162.0,156.0,-6.0
2013,6,15,DL,SFO,165.0,156.0,-9.0
2013,8,13,EV,IAD,158.0,156.0,-2.0
2013,7,18,DL,DEN,195.0,156.0,-39.0
2013,7,22,MQ,RDU,142.0,156.0,14.0
2013,6,24,B6,LAS,170.0,156.0,-14.0
2013,7,28,AA,IAH,127.0,156.0,29.0
2013,7,22,DL,LAS,75.0,156.0,81.0
2013,6,28,B6,TPA,158.0,155.0,-3.0
2013,7,19,B6,SJU,149.0,155.0,6.0
2013,6,28,B6,SJU,166.0,155.0,-11.0
2013,6,30,B6,BUF,169.0,155.0,-14.0
2013,6,23,DL,LAS,191.0,155.0,-36.0
2013,6,13,B6,MVY,136.0,155.0,19.0
2013,7,20,UA,SFO,112.0,155.0,43.0
2013,8,5,B6,PBI,151.0,155.0,4.0
2013,7,13,9E,ROC,177.0,155.0,-22.0
2013,8,18,MQ,IND,142.0,155.0,13.0
2013,7,1,9E,IND,161.0,155.0,-6.0
2013,6,28,9E,BUF,107.0,155.0,48.0
2013,8,5,UA,SFO,134.0,155.0,21.0
2013,6,10,B6,BUF,140.0,155.0,15.0
2013,7,22,B6,ORD,107.0,155.0,48.0
2013,7,23,MQ,CMH,90.0,154.0,64.0
2013,6,13,B6,LAS,111.0,154.0,43.0
2013,8,8,9E,DCA,68.0,154.0,86.0
2013,7,11,B6,JAX,143.0,154.0,11.0
2013,7,29,MQ,DCA,155.0,154.0,-1.0
2013,6,17,B6,FLL,167.0,154.0,-13.0
2013,6,13,9E,BWI,53.0,154.0,101.0
2013,6,29,B6,LGB,149.0,153.0,4.0
2013,7,3,9E,CLE,129.0,153.0,24.0
2013,7,22,B6,ABQ,98.0,153.0,55.0
2013,7,8,DL,SFO,154.0,153.0,-1.0
2013,8,29,B6,SJU,138.0,153.0,15.0
2013,6,23,B6,ORD,171.0,153.0,-18.0
2013,7,1,B6,BUF,172.0,153.0,-19.0
2013,7,9,UA,SFO,83.0,153.0,70.0
2013,7,28,UA,LAX,120.0,153.0,33.0
2013,8,8,MQ,DCA,77.0,153.0,76.0
2013,7,30,9E,BOS,198.0,153.0,-45.0
2013,7,23,B6,TPA,132.0,153.0,21.0
2013,8,2,9E,DCA,149.0,153.0,4.0
2013,7,14,DL,PHX,203.0,153.0,-50.0
2013,8,9,9E,MSY,138.0,153.0,15.0
2013,7,22,9E,MCI,130.0,153.0,23.0
2013,6,26,9E,BWI,128.0,153.0,25.0
2013,7,23,9E,BNA,103.0,153.0,50.0
2013,6,13,B6,JAX,54.0,152.0,98.0
2013,8,9,B6,PDX,172.0,152.0,-20.0
2013,6,30,B6,SFO,187.0,152.0,-35.0
2013,7,23,B6,MSY,149.0,152.0,3.0
2013,7,12,9E,CVG,155.0,152.0,-3.0
2013,7,27,B6,FLL,159.0,152.0,-7.0
2013,8,28,B6,MSY,178.0,152.0,-26.0
2013,7,9,B6,SLC,177.0,152.0,-25.0
2013,6,13,9E,JAX,137.0,152.0,15.0
2013,7,10,B6,FLL,115.0,152.0,37.0
2013,7,6,DL,SFO,177.0,152.0,-25.0
2013,7,18,B6,BQN,155.0,151.0,-4.0
2013,6,28,B6,BUR,115.0,151.0,36.0
2013,8,22,AA,BOS,168.0,151.0,-17.0
2013,6,25,DL,ATL,144.0,151.0,7.0
2013,6,2,MQ,CMH,141.0,151.0,10.0
2013,7,10,VX,LAX,105.0,151.0,46.0
2013,8,8,UA,LAX,121.0,151.0,30.0
2013,6,10,9E,DTW,159.0,151.0,-8.0
2013,8,4,B6,PDX,150.0,151.0,1.0
2013,8,28,B6,BTV,144.0,151.0,7.0
2013,6,14,DL,TPA,158.0,151.0,-7.0
2013,8,3,B6,RDU,154.0,151.0,-3.0
2013,7,7,B6,SJC,98.0,151.0,53.0
2013,8,8,B6,BOS,149.0,151.0,2.0
2013,7,22,B6,AUS,114.0,151.0,37.0
2013,8,28,B6,ROC,167.0,151.0,-16.0
2013,7,9,B6,SFO,134.0,151.0,17.0
2013,6,11,B6,ACK,71.0,150.0,79.0
2013,7,2,B6,CLT,94.0,150.0,56.0
2013,8,8,B6,LAX,143.0,150.0,7.0
2013,6,28,B6,IAD,162.0,150.0,-12.0
2013,6,25,9E,JAX,132.0,150.0,18.0
2013,7,22,B6,RDU,46.0,150.0,104.0
2013,6,26,9E,BWI,137.0,150.0,13.0
2013,7,10,9E,MKE,50.0,150.0,100.0
2013,7,28,AA,BOS,115.0,150.0,35.0
2013,6,24,B6,PBI,120.0,150.0,30.0
2013,7,21,B6,SEA,123.0,150.0,27.0
2013,7,21,DL,ATL,156.0,150.0,-6.0
2013,8,8,9E,BNA,141.0,150.0,9.0
2013,6,13,B6,MCO,112.0,150.0,38.0
2013,6,9,AA,SFO,147.0,150.0,3.0
2013,8,8,9E,PHL,153.0,149.0,-4.0
2013,6,27,B6,SLC,81.0,149.0,68.0
2013,7,9,9E,DCA,161.0,149.0,-12.0
2013,6,7,9E,BOS,126.0,149.0,23.0
2013,8,22,AA,LAX,109.0,149.0,40.0
2013,8,1,B6,LAX,139.0,149.0,10.0
2013,8,28,DL,BOS,47.0,149.0,102.0
2013,8,9,B6,ROC,168.0,149.0,-19.0
2013,7,10,UA,LAX,94.0,149.0,55.0
2013,6,25,B6,LAS,123.0,149.0,26.0
2013,6,26,VX,SFO,153.0,149.0,-4.0
2013,7,18,B6,LAS,187.0,149.0,-38.0
2013,6,28,B6,FLL,134.0,149.0,15.0
2013,6,25,DL,SFO,145.0,149.0,4.0
2013,6,28,B6,ROC,164.0,149.0,-15.0
2013,8,28,B6,IAD,154.0,149.0,-5.0
2013,8,8,B6,SLC,108.0,149.0,41.0
2013,6,10,DL,BOS,144.0,148.0,4.0
2013,7,28,DL,LAS,104.0,148.0,44.0
2013,6,10,B6,RDU,161.0,148.0,-13.0
2013,7,7,DL,LAX,159.0,148.0,-11.0
2013,6,28,DL,TPA,168.0,148.0,-20.0
2013,7,7,UA,SFO,68.0,148.0,80.0
2013,6,17,9E,CVG,158.0,148.0,-10.0
2013,6,24,MQ,CMH,102.0,148.0,46.0
2013,6,27,B6,LAS,132.0,148.0,16.0
2013,6,7,9E,CLE,87.0,148.0,61.0
2013,6,13,9E,RDU,114.0,148.0,34.0
2013,8,9,EV,IAD,154.0,148.0,-6.0
2013,7,1,B6,BUF,128.0,148.0,20.0
2013,7,26,DL,BOS,158.0,147.0,-11.0
2013,6,26,B6,SJU,114.0,147.0,33.0
2013,7,22,DL,ATL,116.0,147.0,31.0
2013,6,13,9E,DTW,139.0,147.0,8.0
2013,6,1,AA,ORD,182.0,147.0,-35.0
2013,7,7,B6,SJU,131.0,147.0,16.0
2013,7,1,B6,BOS,120.0,147.0,27.0
2013,7,22,B6,MSY,144.0,147.0,3.0
2013,7,5,EV,IAD,156.0,147.0,-9.0
2013,7,7,DL,SAT,133.0,147.0,14.0
2013,7,23,B6,JAX,130.0,147.0,17.0
2013,7,28,DL,LAS,102.0,147.0,45.0
2013,7,23,MQ,CVG,115.0,147.0,32.0
2013,6,17,DL,SAT,168.0,146.0,-22.0
2013,6,17,AA,LAX,116.0,146.0,30.0
2013,6,13,B6,RDU,158.0,146.0,-12.0
2013,6,17,B6,AUS,93.0,146.0,53.0
2013,6,27,B6,FLL,135.0,146.0,11.0
2013,7,3,9E,CHS,103.0,146.0,43.0
2013,8,28,AA,ORD,146.0,146.0,0.0
2013,8,8,B6,MCO,178.0,146.0,-32.0
2013,8,4,9E,PIT,172.0,146.0,-26.0
2013,6,13,9E,CLE,126.0,146.0,20.0
2013,6,18,DL,BOS,72.0,146.0,74.0
2013,7,11,US,CLT,131.0,146.0,15.0
2013,6,27,B6,SJC,94.0,146.0,52.0
2013,7,4,DL,SFO,163.0,146.0,-17.0
2013,7,7,DL,SEA,20.0,145.0,125.0
2013,8,22,B6,TPA,152.0,145.0,-7.0
2013,8,1,MQ,CMH,127.0,145.0,18.0
2013,8,1,B6,MCO,156.0,145.0,-11.0
2013,8,9,B6,PWM,94.0,145.0,51.0
2013,6,2,UA,LAX,143.0,145.0,2.0
2013,7,8,9E,CHS,162.0,145.0,-17.0
2013,8,9,DL,BOS,117.0,145.0,28.0
2013,6,25,MQ,ORF,162.0,145.0,-17.0
2013,6,17,B6,MCO,161.0,145.0,-16.0
2013,7,11,B6,ROC,147.0,145.0,-2.0
2013,6,23,B6,BUF,138.0,145.0,7.0
2013,7,13,9E,CLE,132.0,145.0,13.0
2013,7,28,VX,SFO,91.0,145.0,54.0
2013,6,17,B6,SLC,165.0,145.0,-20.0
2013,7,24,B6,RSW,140.0,145.0,5.0
2013,6,10,B6,MCO,102.0,144.0,42.0
2013,7,23,B6,HOU,97.0,144.0,47.0
2013,8,28,B6,HOU,143.0,144.0,1.0
2013,6,24,DL,PDX,160.0,144.0,-16.0
2013,7,23,B6,MCO,108.0,144.0,36.0
2013,7,1,B6,BOS,175.0,144.0,-31.0
2013,8,31,9E,ROC,135.0,144.0,9.0
2013,8,8,B6,LAX,53.0,144.0,91.0
2013,6,18,B6,AUS,160.0,144.0,-16.0
2013,6,13,9E,CVG,68.0,144.0,76.0
2013,6,22,B6,RSW,140.0,144.0,4.0
2013,7,23,DL,BOS,147.0,144.0,-3.0
2013,7,22,B6,JAX,147.0,144.0,-3.0
2013,8,5,B6,PBI,161.0,144.0,-17.0
2013,7,28,DL,LAX,22.0,144.0,122.0
2013,8,1,B6,MCO,158.0,144.0,-14.0
2013,6,10,9E,JAX,120.0,143.0,23.0
2013,8,28,B6,MCO,176.0,143.0,-33.0
2013,6,27,B6,BTV,159.0,143.0,-16.0
2013,8,8,B6,ROC,127.0,143.0,16.0
2013,8,9,DL,BOS,108.0,143.0,35.0
2013,6,14,9E,DFW,73.0,143.0,70.0
2013,8,1,DL,MIA,140.0,143.0,3.0
2013,6,30,B6,TPA,136.0,143.0,7.0
2013,8,10,B6,FLL,144.0,143.0,-1.0
2013,8,1,MQ,BWI,118.0,143.0,25.0
2013,6,18,DL,MCO,174.0,143.0,-31.0
2013,7,31,B6,PDX,154.0,143.0,-11.0
2013,6,28,DL,LAS,167.0,143.0,-24.0
2013,7,26,EV,IAD,141.0,143.0,2.0
2013,7,25,MQ,RDU,130.0,143.0,13.0
2013,7,28,AA,SEA,128.0,143.0,15.0
2013,6,10,DL,MCO,113.0,143.0,30.0
2013,6,29,B6,TPA,115.0,143.0,28.0
2013,7,1,DL,MCO,163.0,143.0,-20.0
2013,7,10,B6,RSW,71.0,143.0,72.0
2013,7,2,B6,BOS,126.0,143.0,17.0
2013,7,1,B6,SJU,108.0,143.0,35.0
2013,6,27,DL,ATL,32.0,142.0,110.0
2013,6,7,B6,BUF,55.0,142.0,87.0
2013,7,12,9E,BWI,159.0,142.0,-17.0
2013,6,14,DL,ATL,186.0,142.0,-44.0
2013,6,24,AA,LAX,146.0,142.0,-4.0
2013,8,24,AA,SJU,156.0,142.0,-14.0
2013,7,2,B6,IAD,99.0,142.0,43.0
2013,7,28,MQ,DCA,113.0,142.0,29.0
2013,8,9,B6,ORD,151.0,142.0,-9.0
2013,6,26,AA,SFO,141.0,142.0,1.0
2013,8,28,B6,JAX,134.0,142.0,8.0
2013,6,2,AA,SEA,145.0,142.0,-3.0
2013,6,26,AA,SFO,131.0,142.0,11.0
2013,6,10,DL,ATL,118.0,142.0,24.0
2013,7,12,B6,MCO,119.0,142.0,23.0
2013,7,15,9E,RDU,182.0,142.0,-40.0
2013,6,30,B6,BUF,-2.0,142.0,144.0
2013,7,10,B6,BOS,159.0,142.0,-17.0
2013,6,15,MQ,RDU,160.0,142.0,-18.0
2013,7,22,B6,BUR,76.0,141.0,65.0
2013,6,10,AA,BOS,129.0,141.0,12.0
2013,7,7,MQ,DCA,102.0,141.0,39.0
2013,8,9,B6,SFO,133.0,141.0,8.0
2013,7,29,DL,PHX,171.0,141.0,-30.0
2013,6,24,AA,BOS,118.0,141.0,23.0
2013,7,1,US,CLT,148.0,141.0,-7.0
2013,7,14,AA,LAS,186.0,141.0,-45.0
2013,6,10,B6,TPA,125.0,141.0,16.0
2013,6,28,B6,BOS,154.0,141.0,-13.0
2013,7,23,B6,SMF,124.0,141.0,17.0
2013,8,9,B6,PSE,157.0,141.0,-16.0
2013,7,11,B6,SYR,155.0,141.0,-14.0
2013,8,8,AA,BOS,129.0,140.0,11.0
2013,7,29,VX,SFO,119.0,140.0,21.0
2013,6,7,MQ,DCA,130.0,140.0,10.0
2013,8,8,B6,AUS,123.0,140.0,17.0
2013,8,12,9E,DCA,162.0,140.0,-22.0
2013,8,8,B6,SYR,138.0,140.0,2.0
2013,6,28,B6,SFO,88.0,140.0,52.0
2013,6,2,9E,BNA,154.0,140.0,-14.0
2013,7,3,9E,ORD,114.0,140.0,26.0
2013,6,23,MQ,CMH,140.0,140.0,0.0
2013,7,10,B6,SJU,153.0,140.0,-13.0
2013,6,27,B6,ROC,137.0,140.0,3.0
2013,7,27,US,CLT,65.0,140.0,75.0
2013,7,12,UA,SFO,132.0,140.0,8.0
2013,7,8,9E,DTW,151.0,140.0,-11.0
2013,7,19,B6,TPA,162.0,140.0,-22.0
2013,8,28,B6,BTV,148.0,140.0,-8.0
2013,7,23,B6,PWM,144.0,140.0,-4.0
2013,7,28,B6,AUS,53.0,140.0,87.0
2013,8,30,AA,BOS,154.0,139.0,-15.0
2013,7,22,VX,LAX,63.0,139.0,76.0
2013,6,3,9E,DCA,130.0,139.0,9.0
2013,8,12,9E,CVG,170.0,139.0,-31.0
2013,7,24,9E,MSP,177.0,139.0,-38.0
2013,7,10,B6,PSE,155.0,139.0,-16.0
2013,6,30,B6,SEA,110.0,139.0,29.0
2013,7,1,B6,BOS,158.0,139.0,-19.0
2013,7,28,MQ,BWI,100.0,139.0,39.0
2013,7,1,B6,BOS,125.0,139.0,14.0
2013,7,8,B6,BOS,169.0,139.0,-30.0
2013,8,28,B6,AUS,156.0,139.0,-17.0
2013,6,27,B6,PDX,47.0,139.0,92.0
2013,6,10,B6,CHS,112.0,139.0,27.0
2013,6,27,VX,LAX,51.0,139.0,88.0
2013,6,11,B6,TPA,150.0,139.0,-11.0
2013,7,23,US,PHX,100.0,138.0,38.0
2013,6,10,B6,CLT,111.0,138.0,27.0
2013,7,1,MQ,PIT,149.0,138.0,-11.0
2013,8,16,B6,FLL,153.0,138.0,-15.0
2013,7,9,AA,AUS,125.0,138.0,13.0
2013,8,8,B6,BUF,106.0,138.0,32.0
2013,6,24,DL,AUS,-3.0,138.0,141.0
2013,7,17,DL,SEA,138.0,138.0,0.0
2013,6,17,9E,ORD,116.0,138.0,22.0
2013,7,23,B6,SFO,83.0,138.0,55.0
2013,6,18,9E,PHL,140.0,138.0,-2.0
2013,6,10,DL,AUS,133.0,138.0,5.0
2013,7,23,B6,TPA,120.0,138.0,18.0
2013,6,26,B6,CLT,105.0,138.0,33.0
2013,8,24,9E,ROC,151.0,138.0,-13.0
2013,8,28,B6,MCO,132.0,138.0,6.0
2013,7,22,AA,AUS,52.0,138.0,86.0
2013,7,8,DL,LAS,167.0,137.0,-30.0
2013,7,22,B6,PBI,13.0,137.0,124.0
2013,8,9,B6,PBI,116.0,137.0,21.0
2013,6,25,DL,MCO,156.0,137.0,-19.0
2013,7,21,B6,DEN,170.0,137.0,-33.0
2013,7,23,B6,ABQ,119.0,137.0,18.0
2013,7,8,B6,PDX,138.0,137.0,-1.0
2013,8,12,AA,LAS,125.0,137.0,12.0
2013,6,2,B6,IAD,119.0,137.0,18.0
2013,7,1,B6,BUF,117.0,137.0,20.0
2013,7,27,MQ,DCA,136.0,137.0,1.0
2013,6,3,US,PHX,140.0,137.0,-3.0
2013,8,13,B6,SJU,104.0,137.0,33.0
2013,6,26,B6,DEN,139.0,137.0,-2.0
2013,7,28,DL,SAT,80.0,137.0,57.0
2013,6,2,9E,CLE,110.0,137.0,27.0
2013,6,2,9E,RIC,146.0,137.0,-9.0
2013,7,18,B6,SEA,154.0,136.0,-18.0
2013,8,8,B6,RDU,137.0,136.0,-1.0
2013,8,9,VX,LAX,128.0,136.0,8.0
2013,6,24,MQ,CMH,141.0,136.0,-5.0
2013,7,22,B6,LAX,57.0,136.0,79.0
2013,7,1,DL,FLL,110.0,136.0,26.0
2013,6,24,B6,RSW,25.0,136.0,111.0
2013,7,1,DL,LAX,156.0,136.0,-20.0
2013,7,19,B6,SJU,143.0,136.0,-7.0
2013,6,25,DL,PDX,132.0,136.0,4.0
2013,7,12,DL,MIA,95.0,136.0,41.0
2013,7,22,B6,ROC,111.0,136.0,25.0
2013,8,1,B6,LAX,137.0,136.0,-1.0
2013,6,13,9E,BWI,33.0,136.0,103.0
2013,8,13,B6,SJU,129.0,136.0,7.0
2013,8,28,US,PHX,124.0,136.0,12.0
2013,7,8,9E,RDU,159.0,136.0,-23.0
2013,7,23,B6,ROC,135.0,136.0,1.0
2013,8,22,EV,IAD,132.0,136.0,4.0
2013,6,25,AA,SFO,140.0,136.0,-4.0
2013,6,27,DL,FLL,131.0,136.0,5.0
2013,8,25,B6,SJU,156.0,135.0,-21.0
2013,6,27,UA,LAX,37.0,135.0,98.0
2013,7,22,B6,ROC,69.0,135.0,66.0
2013,8,8,DL,DEN,104.0,135.0,31.0
2013,7,1,B6,ORD,127.0,135.0,8.0
2013,7,22,B6,SJU,116.0,135.0,19.0
2013,8,8,DL,SAT,160.0,135.0,-25.0
2013,6,27,B6,LAS,66.0,135.0,69.0
2013,7,24,US,CLT,123.0,135.0,12.0
2013,6,8,MQ,RDU,121.0,135.0,14.0
2013,6,21,AA,MIA,140.0,135.0,-5.0
2013,7,7,DL,FLL,69.0,135.0,66.0
2013,6,30,B6,IAD,97.0,135.0,38.0
2013,7,11,B6,MCO,138.0,135.0,-3.0
2013,6,30,B6,FLL,127.0,135.0,8.0
2013,6,29,9E,BOS,158.0,135.0,-23.0
2013,7,11,B6,AUS,143.0,135.0,-8.0
2013,7,17,B6,FLL,151.0,135.0,-16.0
2013,8,8,B6,CLT,113.0,135.0,22.0
2013,6,26,UA,LAX,108.0,135.0,27.0
2013,6,12,B6,ORD,75.0,135.0,60.0
2013,7,10,AA,MCO,34.0,135.0,101.0
2013,7,5,B6,RSW,151.0,135.0,-16.0
2013,8,14,DL,LAX,97.0,135.0,38.0
2013,8,13,MQ,CMH,103.0,134.0,31.0
2013,6,26,B6,TPA,76.0,134.0,58.0
2013,7,20,AA,BOS,111.0,134.0,23.0
2013,6,27,B6,BQN,142.0,134.0,-8.0
2013,6,26,B6,PHX,110.0,134.0,24.0
2013,8,28,9E,ORD,144.0,134.0,-10.0
2013,6,30,AA,DFW,150.0,134.0,-16.0
2013,6,24,B6,SEA,152.0,134.0,-18.0
2013,6,17,AA,SAN,92.0,134.0,42.0
2013,6,7,9E,ORD,132.0,134.0,2.0
2013,7,10,B6,BTV,103.0,134.0,31.0
2013,7,7,MQ,DCA,126.0,134.0,8.0
2013,6,7,9E,BWI,86.0,134.0,48.0
2013,6,18,DL,SAT,159.0,134.0,-25.0
2013,7,8,9E,BOS,157.0,134.0,-23.0
2013,6,3,9E,CLE,136.0,134.0,-2.0
2013,6,13,HA,HNL,113.0,134.0,21.0
2013,6,11,B6,BOS,92.0,133.0,41.0
2013,8,13,B6,PBI,117.0,133.0,16.0
2013,8,13,B6,PBI,102.0,133.0,31.0
2013,8,28,B6,BUF,129.0,133.0,4.0
2013,6,10,VX,SFO,101.0,133.0,32.0
2013,8,3,B6,BTV,133.0,133.0,0.0
2013,6,8,AA,SFO,166.0,133.0,-33.0
2013,8,3,MQ,DCA,155.0,133.0,-22.0
2013,8,9,DL,SFO,66.0,133.0,67.0
2013,6,27,B6,CHS,100.0,133.0,33.0
2013,6,24,B6,PWM,150.0,133.0,-17.0
2013,6,28,B6,RSW,112.0,133.0,21.0
2013,7,23,B6,BOS,111.0,133.0,22.0
2013,7,11,B6,RDU,130.0,133.0,3.0
2013,6,18,VX,LAX,127.0,133.0,6.0
2013,8,22,AA,LAX,177.0,133.0,-44.0
2013,7,21,UA,SFO,132.0,133.0,1.0
2013,6,13,VX,SFO,86.0,133.0,47.0
2013,7,7,AA,SAN,75.0,133.0,58.0
2013,8,30,AA,ORD,93.0,133.0,40.0
2013,7,8,MQ,CMH,130.0,133.0,3.0
2013,6,17,DL,ATL,78.0,133.0,55.0
2013,8,8,MQ,DCA,123.0,133.0,10.0
2013,7,23,B6,FLL,136.0,132.0,-4.0
2013,7,24,MQ,RDU,91.0,132.0,41.0
2013,7,1,DL,BOS,146.0,132.0,-14.0
2013,6,23,DL,SEA,94.0,132.0,38.0
2013,7,13,9E,ORD,88.0,132.0,44.0
2013,7,7,B6,IAD,-9.0,132.0,141.0
2013,6,14,AA,LAX,-2.0,132.0,134.0
2013,8,1,B6,LAS,123.0,132.0,9.0
2013,6,28,B6,BOS,153.0,132.0,-21.0
2013,6,9,9E,ORD,136.0,132.0,-4.0
2013,6,29,B6,ORD,147.0,132.0,-15.0
2013,6,11,9E,CVG,175.0,132.0,-43.0
2013,6,13,MQ,CMH,117.0,132.0,15.0
2013,8,8,B6,SAN,109.0,132.0,23.0
2013,6,24,B6,BUR,132.0,132.0,0.0
2013,7,28,B6,SFO,52.0,132.0,80.0
2013,7,21,9E,ORD,144.0,132.0,-12.0
2013,8,28,9E,PIT,130.0,132.0,2.0
2013,7,22,B6,LAX,-2.0,132.0,134.0
2013,7,11,B6,JAX,137.0,132.0,-5.0
2013,7,2,B6,BUF,142.0,131.0,-11.0
2013,6,26,9E,DCA,147.0,131.0,-16.0
2013,7,19,9E,CVG,145.0,131.0,-14.0
2013,7,25,9E,CVG,157.0,131.0,-26.0
2013,7,9,9E,MSP,104.0,131.0,27.0
2013,6,30,UA,SFO,94.0,131.0,37.0
2013,8,22,9E,PHL,147.0,131.0,-16.0
2013,7,22,DL,PDX,20.0,131.0,111.0
2013,6,2,AA,SFO,132.0,131.0,-1.0
2013,8,4,MQ,DCA,115.0,131.0,16.0
2013,7,10,MQ,DCA,123.0,131.0,8.0
2013,8,30,AA,BOS,126.0,131.0,5.0
2013,6,24,MQ,CLE,62.0,131.0,69.0
2013,7,23,B6,BTV,145.0,131.0,-14.0
2013,6,13,AA,AUS,71.0,131.0,60.0
2013,7,11,B6,SJU,129.0,131.0,2.0
2013,6,10,VX,SFO,79.0,131.0,52.0
2013,6,26,B6,BTV,110.0,130.0,20.0
2013,7,2,B6,ACK,138.0,130.0,-8.0
2013,7,28,B6,PHX,14.0,130.0,116.0
2013,6,2,9E,CVG,148.0,130.0,-18.0
2013,7,9,AA,IAH,122.0,130.0,8.0
2013,8,15,B6,ROC,122.0,130.0,8.0
2013,6,24,AA,LAX,120.0,130.0,10.0
2013,7,17,DL,SEA,120.0,130.0,10.0
2013,6,30,B6,MCO,147.0,130.0,-17.0
2013,8,1,9E,DCA,149.0,130.0,-19.0
2013,6,20,B6,MCO,156.0,130.0,-26.0
2013,6,13,AA,IAH,66.0,130.0,64.0
2013,7,1,B6,MCO,78.0,129.0,51.0
2013,7,27,9E,CLT,134.0,129.0,-5.0
2013,6,25,B6,BUF,142.0,129.0,-13.0
2013,7,28,B6,SJU,79.0,129.0,50.0
2013,8,14,B6,MCO,125.0,129.0,4.0
2013,7,28,B6,JAX,79.0,129.0,50.0
2013,7,1,9E,BWI,110.0,129.0,19.0
2013,7,10,B6,MSY,114.0,129.0,15.0
2013,7,1,B6,BUF,145.0,129.0,-16.0
2013,7,28,AA,LAX,74.0,129.0,55.0
2013,8,30,DL,LAS,160.0,129.0,-31.0
2013,6,13,B6,TPA,135.0,129.0,-6.0
2013,8,22,AA,IAH,141.0,129.0,-12.0
2013,7,19,B6,MCO,121.0,129.0,8.0
2013,7,19,B6,PBI,131.0,129.0,-2.0
2013,7,28,B6,OAK,-1.0,129.0,130.0
2013,6,24,UA,LAX,157.0,129.0,-28.0
2013,6,26,B6,SJU,102.0,129.0,27.0
2013,7,2,B6,MCO,134.0,129.0,-5.0
2013,7,10,B6,TPA,105.0,129.0,24.0
2013,7,26,AA,LAX,134.0,129.0,-5.0
2013,6,13,B6,BUF,108.0,129.0,21.0
2013,6,26,B6,SFO,126.0,129.0,3.0
2013,6,13,DL,SLC,99.0,129.0,30.0
2013,7,1,B6,SYR,141.0,128.0,-13.0
2013,6,17,9E,DFW,95.0,128.0,33.0
2013,6,1,9E,CLE,164.0,128.0,-36.0
2013,7,17,DL,ATL,58.0,128.0,70.0
2013,6,7,DL,TPA,77.0,128.0,51.0
2013,7,12,9E,PHL,89.0,128.0,39.0
2013,6,27,DL,LAS,36.0,128.0,92.0
2013,7,22,B6,BUF,97.0,128.0,31.0
2013,6,13,B6,OAK,61.0,128.0,67.0
2013,6,7,B6,PDX,39.0,128.0,89.0
2013,7,10,AA,MIA,15.0,128.0,113.0
2013,6,26,B6,PWM,120.0,128.0,8.0
2013,7,29,B6,FLL,152.0,128.0,-24.0
2013,8,28,AA,BOS,129.0,128.0,-1.0
2013,8,5,AA,LAX,171.0,128.0,-43.0
2013,7,23,9E,DCA,162.0,128.0,-34.0
2013,7,23,B6,BUF,128.0,128.0,0.0
2013,6,26,9E,BOS,148.0,128.0,-20.0
2013,8,22,9E,CLE,140.0,128.0,-12.0
2013,7,25,B6,MSY,148.0,128.0,-20.0
2013,7,30,B6,SFO,142.0,128.0,-14.0
2013,8,1,B6,LAX,119.0,127.0,8.0
2013,8,8,AA,SFO,61.0,127.0,66.0
2013,6,27,MQ,BWI,89.0,127.0,38.0
2013,6,24,B6,SJU,131.0,127.0,-4.0
2013,6,19,DL,SFO,133.0,127.0,-6.0
2013,7,11,B6,FLL,133.0,127.0,-6.0
2013,7,9,9E,DTW,79.0,127.0,48.0
2013,7,8,B6,OAK,156.0,127.0,-29.0
2013,7,10,B6,AUS,91.0,127.0,36.0
2013,6,28,B6,MSY,141.0,127.0,-14.0
2013,8,11,DL,LAX,107.0,127.0,20.0
2013,8,2,B6,TPA,96.0,127.0,31.0
2013,7,18,B6,TPA,139.0,127.0,-12.0
2013,8,1,AA,LAS,139.0,127.0,-12.0
2013,7,26,B6,BUF,139.0,127.0,-12.0
2013,7,27,VX,SFO,138.0,127.0,-11.0
2013,6,25,9E,PIT,135.0,127.0,-8.0
2013,7,10,B6,BUF,82.0,127.0,45.0
2013,7,16,DL,ATL,111.0,127.0,16.0
2013,6,27,B6,PWM,137.0,127.0,-10.0
2013,6,30,UA,SFO,74.0,127.0,53.0
2013,6,30,B6,BOS,136.0,127.0,-9.0
2013,6,30,DL,BOS,127.0,127.0,0.0
2013,8,2,B6,LGB,103.0,127.0,24.0
2013,6,14,MQ,BNA,15.0,127.0,112.0
2013,7,7,B6,DEN,105.0,127.0,22.0
2013,8,13,MQ,DCA,68.0,127.0,59.0
2013,6,25,9E,CLE,76.0,127.0,51.0
2013,8,11,B6,LGB,114.0,127.0,13.0
2013,8,8,B6,BQN,134.0,126.0,-8.0
2013,8,8,B6,PWM,136.0,126.0,-10.0
2013,7,10,B6,ABQ,18.0,126.0,108.0
2013,6,12,B6,SAN,115.0,126.0,11.0
2013,7,28,US,PHX,56.0,126.0,70.0
2013,7,12,B6,FLL,126.0,126.0,0.0
2013,6,27,B6,CLT,5.0,126.0,121.0
2013,7,7,DL,ATL,56.0,126.0,70.0
2013,6,27,B6,BTV,106.0,126.0,20.0
2013,7,31,DL,MIA,144.0,126.0,-18.0
2013,8,8,B6,LAS,76.0,126.0,50.0
2013,6,10,B6,BOS,121.0,126.0,5.0
2013,7,10,B6,SYR,141.0,126.0,-15.0
2013,6,2,DL,ATL,135.0,126.0,-9.0
2013,7,23,B6,DEN,114.0,126.0,12.0
2013,6,13,B6,MCO,45.0,126.0,81.0
2013,6,27,B6,SJU,138.0,126.0,-12.0
2013,6,10,MQ,CMH,120.0,126.0,6.0
2013,8,22,9E,BWI,142.0,126.0,-16.0
2013,6,28,B6,PDX,150.0,126.0,-24.0
2013,6,13,DL,ATL,128.0,125.0,-3.0
2013,6,30,9E,ORD,144.0,125.0,-19.0
2013,7,31,9E,DTW,136.0,125.0,-11.0
2013,7,9,MQ,BWI,115.0,125.0,10.0
2013,8,12,MQ,IND,123.0,125.0,2.0
2013,6,24,DL,BOS,140.0,125.0,-15.0
2013,8,26,9E,DTW,157.0,125.0,-32.0
2013,8,31,DL,SLC,135.0,125.0,-10.0
2013,6,28,B6,ORD,159.0,125.0,-34.0
2013,7,12,EV,IAD,128.0,125.0,-3.0
2013,7,9,AA,BOS,125.0,125.0,0.0
2013,8,18,B6,TPA,135.0,125.0,-10.0
2013,6,11,B6,ORD,135.0,125.0,-10.0
2013,6,30,B6,BQN,138.0,125.0,-13.0
2013,8,8,B6,SJU,54.0,125.0,71.0
2013,7,23,B6,LAS,104.0,125.0,21.0
2013,6,13,AA,SAN,67.0,125.0,58.0
2013,7,23,B6,IAD,115.0,125.0,10.0
2013,6,2,B6,TPA,136.0,125.0,-11.0
2013,8,8,9E,IAD,79.0,125.0,46.0
2013,8,25,HA,HNL,134.0,125.0,-9.0
2013,6,18,B6,MCO,54.0,125.0,71.0
2013,6,2,DL,FLL,139.0,125.0,-14.0
2013,8,8,B6,IAD,73.0,124.0,51.0
2013,6,22,B6,IAD,138.0,124.0,-14.0
2013,6,11,9E,JAX,152.0,124.0,-28.0
2013,7,23,DL,SAT,136.0,124.0,-12.0
2013,7,16,DL,BOS,149.0,124.0,-25.0
2013,8,8,B6,MCO,121.0,124.0,3.0
2013,7,7,AA,LAX,112.0,124.0,12.0
2013,6,28,B6,MCO,102.0,124.0,22.0
2013,8,12,9E,CLE,132.0,124.0,-8.0
2013,7,2,B6,PBI,100.0,124.0,24.0
2013,6,24,AA,SEA,127.0,124.0,-3.0
2013,8,1,9E,CVG,144.0,124.0,-20.0
2013,8,28,B6,FLL,129.0,124.0,-5.0
2013,7,9,AA,MIA,98.0,124.0,26.0
2013,7,9,9E,MSY,165.0,124.0,-41.0
2013,6,28,B6,SFO,149.0,124.0,-25.0
2013,8,28,9E,IAD,136.0,124.0,-12.0
2013,6,18,VX,LAX,103.0,124.0,21.0
2013,7,8,B6,BUF,128.0,124.0,-4.0
2013,7,21,DL,LAS,136.0,124.0,-12.0
2013,6,7,DL,MCO,57.0,123.0,66.0
2013,8,17,B6,BQN,95.0,123.0,28.0
2013,7,19,B6,AUS,129.0,123.0,-6.0
2013,6,27,DL,DTW,54.0,123.0,69.0
2013,8,9,DL,LAS,40.0,123.0,83.0
2013,6,12,DL,MIA,87.0,123.0,36.0
2013,8,1,US,CLT,17.0,123.0,106.0
2013,7,22,B6,LAX,82.0,123.0,41.0
2013,6,30,AA,BOS,117.0,123.0,6.0
2013,6,30,AA,SFO,97.0,123.0,26.0
2013,6,27,DL,ATL,78.0,123.0,45.0
2013,6,24,B6,LGB,92.0,123.0,31.0
2013,6,17,B6,MCO,73.0,123.0,50.0
2013,7,10,MQ,DCA,123.0,123.0,0.0
2013,7,12,9E,MCI,120.0,123.0,3.0
2013,6,25,B6,FLL,86.0,123.0,37.0
2013,8,13,B6,BUF,116.0,123.0,7.0
2013,7,23,B6,FLL,100.0,123.0,23.0
2013,8,9,B6,ORD,93.0,123.0,30.0
2013,7,6,B6,TPA,98.0,123.0,25.0
2013,7,25,9E,DCA,124.0,123.0,-1.0
2013,8,5,AA,AUS,144.0,122.0,-22.0
2013,7,1,B6,FLL,139.0,122.0,-17.0
2013,7,18,AA,SJU,51.0,122.0,71.0
2013,7,23,MQ,CLE,8.0,122.0,114.0
2013,7,23,9E,PHL,11.0,122.0,111.0
2013,7,19,DL,ATL,114.0,122.0,8.0
2013,6,30,AA,SFO,116.0,122.0,6.0
2013,6,30,MQ,CVG,93.0,122.0,29.0
2013,6,8,EV,IAD,134.0,122.0,-12.0
2013,8,8,AA,SEA,91.0,122.0,31.0
2013,7,5,B6,AUS,127.0,122.0,-5.0
2013,6,23,DL,ATL,70.0,122.0,52.0
2013,6,23,B6,LAS,77.0,122.0,45.0
2013,6,25,9E,CVG,99.0,122.0,23.0
2013,8,22,B6,RDU,139.0,122.0,-17.0
2013,6,3,B6,MCO,130.0,122.0,-8.0
2013,7,1,B6,LAX,135.0,122.0,-13.0
2013,6,24,B6,ACK,100.0,122.0,22.0
2013,7,12,DL,ATL,64.0,122.0,58.0
2013,6,17,DL,MCO,25.0,122.0,97.0
2013,8,1,B6,FLL,125.0,122.0,-3.0
2013,7,2,MQ,RDU,114.0,122.0,8.0
2013,7,8,B6,PWM,139.0,121.0,-18.0
2013,6,13,B6,BTV,117.0,121.0,4.0
2013,6,13,B6,FLL,61.0,121.0,60.0
2013,6,2,9E,MSP,143.0,121.0,-22.0
2013,6,25,B6,TPA,115.0,121.0,6.0
2013,6,30,B6,PWM,107.0,121.0,14.0
2013,6,13,B6,MCO,59.0,121.0,62.0
2013,7,20,DL,ATL,93.0,121.0,28.0
2013,6,27,MQ,CMH,34.0,121.0,87.0
2013,6,25,DL,FLL,118.0,121.0,3.0
2013,6,18,B6,BOS,146.0,121.0,-25.0
2013,6,2,DL,MIA,122.0,121.0,-1.0
2013,6,5,DL,ATL,45.0,121.0,76.0
2013,7,1,B6,TPA,33.0,121.0,88.0
2013,7,22,AA,DFW,18.0,121.0,103.0
2013,8,22,MQ,RDU,138.0,121.0,-17.0
2013,7,23,B6,BUF,53.0,121.0,68.0
2013,8,1,DL,PDX,120.0,121.0,1.0
2013,7,7,AA,BOS,83.0,121.0,38.0
2013,8,28,B6,ORD,124.0,121.0,-3.0
2013,6,13,MQ,DCA,116.0,121.0,5.0
2013,7,10,DL,SLC,4.0,121.0,117.0
2013,6,29,B6,RSW,117.0,121.0,4.0
2013,7,8,B6,SLC,163.0,121.0,-42.0
2013,7,5,B6,LAX,141.0,121.0,-20.0
2013,7,22,AA,MIA,74.0,121.0,47.0
2013,7,22,DL,SFO,-5.0,121.0,126.0
2013,7,17,B6,PSE,124.0,121.0,-3.0
2013,7,9,9E,MKE,66.0,121.0,55.0
2013,6,4,DL,MIA,133.0,121.0,-12.0
2013,6,28,AA,SAN,57.0,121.0,64.0
2013,7,28,DL,ATL,22.0,120.0,98.0
2013,7,1,AA,LAX,174.0,120.0,-54.0
2013,8,1,B6,SYR,141.0,120.0,-21.0
2013,6,7,9E,DTW,63.0,120.0,57.0
2013,6,27,UA,SFO,17.0,120.0,103.0
2013,8,27,UA,LAX,161.0,120.0,-41.0
2013,7,7,B6,BUR,24.0,120.0,96.0
2013,7,20,MQ,CMH,130.0,120.0,-10.0
2013,6,14,9E,PHL,130.0,120.0,-10.0
2013,8,28,AA,BOS,60.0,120.0,60.0
2013,7,11,B6,RSW,126.0,120.0,-6.0
2013,7,7,DL,BOS,144.0,120.0,-24.0
2013,7,23,MQ,ORF,129.0,120.0,-9.0
2013,6,27,B6,TPA,97.0,120.0,23.0
2013,7,22,UA,SFO,92.0,120.0,28.0
2013,7,23,B6,LGB,99.0,120.0,21.0
2013,7,13,B6,MCO,134.0,120.0,-14.0
2013,7,17,9E,BWI,95.0,120.0,25.0
2013,7,2,B6,FLL,27.0,120.0,93.0
2013,6,7,B6,SMF,83.0,120.0,37.0
2013,7,28,B6,FLL,87.0,119.0,32.0
2013,6,2,B6,MCO,137.0,119.0,-18.0
2013,6,27,UA,LAX,96.0,119.0,23.0
2013,6,27,VX,SFO,95.0,119.0,24.0
2013,7,7,DL,SLC,68.0,119.0,51.0
2013,7,23,DL,LAS,74.0,119.0,45.0
2013,6,13,UA,LAX,73.0,119.0,46.0
2013,6,26,B6,ROC,103.0,119.0,16.0
2013,8,8,B6,SFO,77.0,119.0,42.0
2013,6,26,B6,BUF,90.0,119.0,29.0
2013,8,15,EV,IAD,122.0,119.0,-3.0
2013,6,25,B6,BOS,138.0,119.0,-19.0
2013,7,25,B6,MCO,107.0,119.0,12.0
2013,8,9,AA,LAX,134.0,119.0,-15.0
2013,7,1,B6,PBI,5.0,119.0,114.0
2013,8,3,B6,SJU,102.0,119.0,17.0
2013,8,9,B6,SJU,121.0,119.0,-2.0
2013,6,8,B6,ROC,127.0,119.0,-8.0
2013,7,6,AA,LAX,162.0,119.0,-43.0
2013,6,30,B6,MCO,119.0,119.0,0.0
2013,6,26,B6,SYR,104.0,119.0,15.0
2013,6,7,DL,BOS,121.0,119.0,-2.0
2013,6,25,DL,DEN,130.0,119.0,-11.0
2013,7,2,9E,CVG,110.0,119.0,9.0
2013,6,27,AA,LAS,79.0,119.0,40.0
2013,6,10,9E,BWI,100.0,119.0,19.0
2013,6,13,DL,ATL,36.0,119.0,83.0
2013,7,1,B6,SYR,142.0,119.0,-23.0
2013,8,5,B6,SFO,133.0,118.0,-15.0
2013,7,1,B6,BUR,163.0,118.0,-45.0
2013,6,24,AA,IAH,126.0,118.0,-8.0
2013,6,11,9E,CLE,110.0,118.0,8.0
2013,8,8,B6,PBI,107.0,118.0,11.0
2013,6,28,AA,LAX,104.0,118.0,14.0
2013,6,10,VX,LAX,100.0,118.0,18.0
2013,6,7,B6,RDU,35.0,118.0,83.0
2013,6,7,DL,MIA,26.0,118.0,92.0
2013,6,17,AA,BOS,98.0,118.0,20.0
2013,6,7,B6,MCO,79.0,118.0,39.0
2013,6,28,VX,LAX,75.0,118.0,43.0
2013,8,9,B6,ORD,33.0,118.0,85.0
2013,6,12,UA,LAX,81.0,118.0,37.0
2013,8,3,B6,MCO,82.0,118.0,36.0
2013,6,30,B6,ROC,131.0,118.0,-13.0
2013,6,10,B6,PBI,102.0,118.0,16.0
2013,7,9,9E,BNA,50.0,118.0,68.0
2013,6,27,B6,SMF,60.0,118.0,58.0
2013,6,7,VX,LAX,127.0,118.0,-9.0
2013,8,10,B6,SMF,97.0,118.0,21.0
2013,7,28,9E,IAD,59.0,118.0,59.0
2013,8,2,B6,RSW,96.0,118.0,22.0
2013,7,23,B6,ROC,107.0,118.0,11.0
2013,7,30,B6,IAD,141.0,118.0,-23.0
2013,7,30,B6,ABQ,125.0,118.0,-7.0
2013,8,17,9E,MSY,125.0,118.0,-7.0
2013,7,8,9E,MSY,135.0,118.0,-17.0
2013,7,29,MQ,DCA,125.0,118.0,-7.0
2013,8,8,B6,PDX,103.0,118.0,15.0
2013,8,9,B6,MCO,145.0,118.0,-27.0
2013,6,11,9E,MKE,151.0,118.0,-33.0
2013,8,13,9E,MKE,115.0,118.0,3.0
2013,8,11,AA,MIA,108.0,117.0,9.0
2013,8,8,B6,ORD,75.0,117.0,42.0
2013,7,1,B6,MSY,124.0,117.0,-7.0
2013,6,29,9E,MSY,104.0,117.0,13.0
2013,8,28,9E,DTW,102.0,117.0,15.0
2013,6,27,AA,SEA,15.0,117.0,102.0
2013,6,12,B6,ORD,73.0,117.0,44.0
2013,7,28,B6,ABQ,31.0,117.0,86.0
2013,7,20,9E,BWI,43.0,117.0,74.0
2013,8,7,UA,SFO,98.0,117.0,19.0
2013,6,19,9E,BWI,119.0,117.0,-2.0
2013,6,27,DL,SEA,51.0,117.0,66.0
2013,7,28,B6,BOS,71.0,117.0,46.0
2013,6,19,US,CLT,104.0,117.0,13.0
2013,7,4,B6,ACK,117.0,117.0,0.0
2013,6,24,B6,MCO,136.0,117.0,-19.0
2013,7,1,B6,CLT,124.0,116.0,-8.0
2013,7,17,AA,LAS,168.0,116.0,-52.0
2013,6,28,US,CLT,121.0,116.0,-5.0
2013,7,8,VX,LAX,141.0,116.0,-25.0
2013,7,23,DL,MCO,109.0,116.0,7.0
2013,7,12,B6,FLL,103.0,116.0,13.0
2013,6,28,B6,LAS,127.0,116.0,-11.0
2013,8,9,B6,BUF,74.0,116.0,42.0
2013,7,11,B6,SYR,117.0,116.0,-1.0
2013,8,22,MQ,BNA,124.0,116.0,-8.0
2013,6,23,VX,LAX,36.0,116.0,80.0
2013,6,10,9E,RDU,124.0,116.0,-8.0
2013,6,17,B6,LAX,77.0,116.0,39.0
2013,8,14,B6,AUS,63.0,116.0,53.0
2013,8,22,B6,BQN,127.0,116.0,-11.0
2013,7,28,AA,SAN,15.0,116.0,101.0
2013,7,21,B6,PDX,123.0,116.0,-7.0
2013,6,8,US,CLT,119.0,116.0,-3.0
2013,8,15,B6,SYR,119.0,116.0,-3.0
2013,6,7,DL,SAN,84.0,116.0,32.0
2013,7,7,9E,RDU,42.0,116.0,74.0
2013,6,25,UA,SFO,62.0,116.0,54.0
2013,7,19,B6,MCO,108.0,116.0,8.0
2013,6,14,VX,LAX,129.0,116.0,-13.0
2013,7,19,9E,PHL,117.0,116.0,-1.0
2013,8,28,9E,MSP,95.0,116.0,21.0
2013,8,8,B6,BTV,127.0,116.0,-11.0
2013,6,7,B6,LAS,69.0,115.0,46.0
2013,6,10,B6,IAD,62.0,115.0,53.0
2013,8,22,B6,FLL,139.0,115.0,-24.0
2013,6,23,9E,JAX,59.0,115.0,56.0
2013,6,10,DL,BOS,106.0,115.0,9.0
2013,8,22,MQ,ORF,145.0,115.0,-30.0
2013,6,13,9E,CLT,45.0,115.0,70.0
2013,7,28,DL,PHX,27.0,115.0,88.0
2013,6,17,9E,RDU,25.0,115.0,90.0
2013,8,24,MQ,BWI,117.0,115.0,-2.0
2013,6,26,DL,SAT,124.0,115.0,-9.0
2013,7,22,B6,PHX,38.0,115.0,77.0
2013,8,9,B6,LAS,143.0,115.0,-28.0
2013,7,10,B6,ORD,-2.0,115.0,117.0
2013,7,13,B6,MCO,99.0,115.0,16.0
2013,7,27,B6,SJC,110.0,115.0,5.0
2013,6,11,9E,DTW,155.0,115.0,-40.0
2013,6,27,B6,SJU,131.0,115.0,-16.0
2013,7,27,B6,LAX,115.0,115.0,0.0
2013,6,18,B6,BUF,128.0,115.0,-13.0
2013,8,1,9E,CLE,135.0,115.0,-20.0
2013,6,18,US,CLT,112.0,114.0,2.0
2013,6,2,MQ,CVG,115.0,114.0,-1.0
2013,8,1,9E,ORD,151.0,114.0,-37.0
2013,7,7,9E,JAX,71.0,114.0,43.0
2013,6,29,B6,FLL,122.0,114.0,-8.0
2013,7,23,AA,SAN,65.0,114.0,49.0
2013,6,10,9E,BOS,109.0,114.0,5.0
2013,6,17,VX,SFO,70.0,114.0,44.0
2013,6,28,DL,SAT,155.0,114.0,-41.0
2013,7,20,9E,PIT,37.0,114.0,77.0
2013,8,9,9E,DCA,87.0,114.0,27.0
2013,6,13,B6,BTV,84.0,114.0,30.0
2013,7,9,MQ,RDU,105.0,114.0,9.0
2013,7,16,B6,LAX,121.0,114.0,-7.0
2013,7,7,UA,LAX,62.0,114.0,52.0
2013,6,26,DL,BOS,115.0,114.0,-1.0
2013,6,13,B6,CLT,50.0,114.0,64.0
2013,7,24,DL,AUS,92.0,114.0,22.0
2013,6,17,B6,BUF,86.0,114.0,28.0
2013,7,31,B6,AUS,100.0,114.0,14.0
2013,8,4,B6,ORD,129.0,114.0,-15.0
2013,6,13,DL,LAS,101.0,114.0,13.0
2013,7,25,DL,LAX,94.0,114.0,20.0
2013,7,1,B6,FLL,1.0,114.0,113.0
2013,7,19,B6,FLL,113.0,114.0,1.0
2013,7,3,MQ,CMH,61.0,114.0,53.0
2013,7,22,DL,DTW,41.0,113.0,72.0
2013,8,3,B6,ROC,122.0,113.0,-9.0
2013,7,28,B6,SEA,0.0,113.0,113.0
2013,6,13,B6,BOS,97.0,113.0,16.0
2013,7,12,9E,BUF,110.0,113.0,3.0
2013,6,10,B6,RDU,87.0,113.0,26.0
2013,6,17,MQ,DCA,115.0,113.0,-2.0
2013,6,13,B6,HOU,62.0,113.0,51.0
2013,6,10,B6,ORD,78.0,113.0,35.0
2013,6,7,UA,LAX,98.0,113.0,15.0
2013,7,11,B6,FLL,102.0,113.0,11.0
2013,7,1,EV,IAD,80.0,113.0,33.0
2013,6,18,DL,DTW,94.0,113.0,19.0
2013,7,10,AA,SEA,94.0,113.0,19.0
2013,7,8,UA,SFO,134.0,113.0,-21.0
2013,6,18,MQ,RDU,6.0,113.0,107.0
2013,8,28,AA,AUS,122.0,113.0,-9.0
2013,6,14,DL,ATL,9.0,113.0,104.0
2013,7,9,AA,ORD,82.0,113.0,31.0
2013,7,18,B6,PWM,111.0,113.0,2.0
2013,6,11,B6,PBI,114.0,113.0,-1.0
2013,7,22,AA,ORD,83.0,113.0,30.0
2013,6,28,B6,ORD,112.0,113.0,1.0
2013,7,18,B6,MCO,149.0,113.0,-36.0
2013,6,6,UA,SFO,108.0,113.0,5.0
2013,7,7,B6,BOS,72.0,113.0,41.0
2013,8,1,B6,RSW,123.0,113.0,-10.0
2013,7,9,MQ,DCA,58.0,112.0,54.0
2013,7,23,B6,PBI,104.0,112.0,8.0
2013,6,28,B6,AUS,104.0,112.0,8.0
2013,7,23,MQ,BNA,98.0,112.0,14.0
2013,6,2,B6,SEA,99.0,112.0,13.0
2013,8,1,MQ,RDU,79.0,112.0,33.0
2013,7,1,B6,SJU,103.0,112.0,9.0
2013,6,29,B6,PBI,79.0,112.0,33.0
2013,7,1,DL,MIA,95.0,112.0,17.0
2013,8,9,B6,MCO,111.0,112.0,1.0
2013,8,9,AA,SFO,86.0,112.0,26.0
2013,7,16,B6,ROC,125.0,112.0,-13.0
2013,6,7,DL,AUS,40.0,112.0,72.0
2013,7,10,US,PHX,-2.0,112.0,114.0
2013,8,3,B6,DEN,116.0,112.0,-4.0
2013,7,12,B6,DEN,160.0,112.0,-48.0
2013,7,10,B6,ROC,92.0,112.0,20.0
2013,8,2,MQ,CLE,79.0,112.0,33.0
2013,6,26,B6,BOS,84.0,112.0,28.0
2013,8,9,B6,PBI,96.0,112.0,16.0
2013,6,2,9E,IAD,134.0,112.0,-22.0
2013,8,28,B6,SEA,105.0,112.0,7.0
2013,6,13,MQ,DCA,-6.0,112.0,118.0
2013,8,28,9E,ORD,120.0,112.0,-8.0
2013,7,16,B6,BUF,109.0,111.0,2.0
2013,7,21,DL,FLL,144.0,111.0,-33.0
2013,6,15,MQ,DCA,119.0,111.0,-8.0
2013,6,23,AA,LAX,96.0,111.0,15.0
2013,7,1,B6,PWM,10.0,111.0,101.0
2013,7,9,MQ,DCA,4.0,111.0,107.0
2013,6,26,B6,PBI,91.0,111.0,20.0
2013,7,15,9E,CVG,140.0,111.0,-29.0
2013,8,1,DL,MIA,92.0,111.0,19.0
2013,8,9,B6,SYR,71.0,111.0,40.0
2013,7,11,B6,BUF,126.0,111.0,-15.0
2013,7,9,AA,LAX,149.0,111.0,-38.0
2013,7,20,B6,JAX,88.0,111.0,23.0
2013,7,2,B6,TPA,114.0,111.0,-3.0
2013,7,1,DL,ATL,118.0,111.0,-7.0
2013,6,27,AA,AUS,30.0,111.0,81.0
2013,6,10,B6,ROC,120.0,111.0,-9.0
2013,8,17,9E,PHL,120.0,110.0,-10.0
2013,7,22,US,CLT,112.0,110.0,-2.0
2013,7,2,9E,JAX,96.0,110.0,14.0
2013,8,28,DL,SEA,145.0,110.0,-35.0
2013,8,15,9E,DCA,131.0,110.0,-21.0
2013,8,8,US,PHX,38.0,110.0,72.0
2013,6,17,AA,LAX,73.0,110.0,37.0
2013,7,10,B6,OAK,42.0,110.0,68.0
2013,7,22,DL,LAX,32.0,110.0,78.0
2013,6,6,MQ,CMH,94.0,110.0,16.0
2013,7,25,B6,BUF,83.0,110.0,27.0
2013,6,22,B6,MVY,115.0,110.0,-5.0
2013,7,19,DL,LAX,102.0,110.0,8.0
2013,7,1,B6,BTV,104.0,110.0,6.0
2013,7,24,B6,MCO,88.0,110.0,22.0
2013,7,1,9E,CLT,110.0,110.0,0.0
2013,6,24,DL,BOS,72.0,110.0,38.0
2013,7,5,B6,SJU,121.0,110.0,-11.0
2013,7,8,AA,LAX,121.0,110.0,-11.0
2013,7,12,B6,MCO,92.0,110.0,18.0
2013,7,9,AA,LAX,82.0,110.0,28.0
2013,7,1,DL,LAS,125.0,110.0,-15.0
2013,6,14,MQ,RDU,115.0,110.0,-5.0
2013,6,10,MQ,ORF,80.0,109.0,29.0
2013,6,13,AA,MIA,115.0,109.0,-6.0
2013,7,7,AA,LAX,102.0,109.0,7.0
2013,7,10,B6,CLT,82.0,109.0,27.0
2013,6,2,B6,SYR,117.0,109.0,-8.0
2013,8,12,B6,PHX,47.0,109.0,62.0
2013,6,30,B6,RSW,60.0,109.0,49.0
2013,7,4,B6,BUR,123.0,109.0,-14.0
2013,8,9,DL,BOS,139.0,109.0,-30.0
2013,8,9,B6,DEN,136.0,109.0,-27.0
2013,7,23,B6,PWM,83.0,109.0,26.0
2013,8,8,B6,TPA,75.0,109.0,34.0
2013,8,22,AA,SFO,118.0,109.0,-9.0
2013,7,9,9E,BUF,67.0,109.0,42.0
2013,6,17,DL,ATL,128.0,109.0,-19.0
2013,6,13,DL,MIA,68.0,109.0,41.0
2013,6,3,MQ,BNA,108.0,109.0,1.0
2013,7,2,B6,TPA,64.0,109.0,45.0
2013,8,14,B6,DEN,99.0,109.0,10.0
2013,7,12,B6,RSW,62.0,109.0,47.0
2013,6,26,VX,SFO,117.0,109.0,-8.0
2013,7,23,B6,FLL,90.0,109.0,19.0
2013,7,24,9E,BUF,128.0,109.0,-19.0
2013,8,1,9E,RDU,102.0,109.0,7.0
2013,6,20,B6,SMF,110.0,109.0,-1.0
2013,8,28,DL,PDX,146.0,109.0,-37.0
2013,8,5,B6,SJU,112.0,109.0,-3.0
2013,7,8,B6,SFO,128.0,109.0,-19.0
2013,7,12,UA,SFO,123.0,108.0,-15.0
2013,7,23,DL,SJU,98.0,108.0,10.0
2013,6,28,MQ,CLE,75.0,108.0,33.0
2013,7,1,B6,BTV,-3.0,108.0,111.0
2013,6,10,MQ,BNA,74.0,108.0,34.0
2013,7,2,EV,IAD,117.0,108.0,-9.0
2013,6,25,DL,MIA,87.0,108.0,21.0
2013,7,12,B6,ORD,71.0,108.0,37.0
2013,6,26,B6,PDX,81.0,108.0,27.0
2013,8,5,DL,SJU,142.0,108.0,-34.0
2013,8,12,9E,BUF,108.0,108.0,0.0
2013,7,4,AA,BOS,144.0,108.0,-36.0
2013,6,23,9E,ORD,87.0,108.0,21.0
2013,7,2,US,CLT,86.0,108.0,22.0
2013,6,2,UA,SFO,102.0,108.0,6.0
2013,7,10,9E,CVG,40.0,108.0,68.0
2013,8,3,MQ,DCA,119.0,108.0,-11.0
2013,6,27,9E,ORF,55.0,108.0,53.0
2013,7,10,B6,LAX,63.0,108.0,45.0
2013,6,30,9E,MSP,97.0,108.0,11.0
2013,8,22,B6,BTV,6.0,108.0,102.0
2013,7,23,B6,LAX,57.0,108.0,51.0
2013,6,28,DL,SEA,120.0,108.0,-12.0
2013,8,15,UA,LAX,108.0,108.0,0.0
2013,8,28,AA,BOS,105.0,108.0,3.0
2013,7,3,B6,MVY,57.0,107.0,50.0
2013,6,7,B6,ORD,70.0,107.0,37.0
2013,8,8,AA,BOS,108.0,107.0,-1.0
2013,6,13,B6,PWM,107.0,107.0,0.0
2013,6,28,B6,SJC,43.0,107.0,64.0
2013,6,10,AA,SFO,114.0,107.0,-7.0
2013,7,17,DL,SJU,122.0,107.0,-15.0
2013,7,7,AA,IAH,75.0,107.0,32.0
2013,8,22,9E,BOS,134.0,107.0,-27.0
2013,6,10,B6,BUF,94.0,107.0,13.0
2013,7,10,B6,BQN,123.0,107.0,-16.0
2013,8,22,B6,RSW,132.0,107.0,-25.0
2013,7,3,VX,LAX,117.0,107.0,-10.0
2013,7,18,B6,ROC,105.0,107.0,2.0
2013,6,28,US,PHX,86.0,107.0,21.0
2013,8,28,B6,PSE,113.0,107.0,-6.0
2013,6,17,DL,BOS,135.0,107.0,-28.0
2013,6,23,9E,MSY,68.0,107.0,39.0
2013,7,13,9E,IND,69.0,107.0,38.0
2013,8,28,9E,RDU,102.0,107.0,5.0
2013,7,22,B6,MCO,112.0,107.0,-5.0
2013,8,6,B6,ORD,123.0,107.0,-16.0
2013,8,14,B6,SJU,102.0,107.0,5.0
2013,7,19,9E,DCA,130.0,107.0,-23.0
2013,6,3,B6,SLC,138.0,107.0,-31.0
2013,7,10,B6,BUR,35.0,107.0,72.0
2013,6,30,B6,BOS,123.0,107.0,-16.0
2013,6,27,AA,LAX,70.0,107.0,37.0
2013,6,7,B6,BTV,91.0,107.0,16.0
2013,8,28,DL,SAN,145.0,107.0,-38.0
2013,7,22,DL,SAN,42.0,107.0,65.0
2013,8,9,B6,LAS,96.0,107.0,11.0
2013,6,24,DL,SFO,84.0,107.0,23.0
2013,8,5,B6,PBI,113.0,107.0,-6.0
2013,6,19,AA,SFO,97.0,107.0,10.0
2013,8,9,B6,JAX,120.0,107.0,-13.0
2013,7,10,9E,DCA,129.0,106.0,-23.0
2013,6,1,VX,LAX,99.0,106.0,7.0
2013,8,8,UA,SFO,14.0,106.0,92.0
2013,6,26,VX,LAX,85.0,106.0,21.0
2013,8,14,B6,TPA,56.0,106.0,50.0
2013,7,9,DL,SJU,125.0,106.0,-19.0
2013,7,13,B6,FLL,113.0,106.0,-7.0
2013,7,28,VX,LAX,46.0,106.0,60.0
2013,6,13,B6,LAS,112.0,106.0,-6.0
2013,8,2,9E,ORD,120.0,106.0,-14.0
2013,7,7,9E,ORD,31.0,106.0,75.0
2013,7,1,B6,MSY,57.0,106.0,49.0
2013,8,4,MQ,CMH,121.0,106.0,-15.0
2013,8,1,B6,SJU,122.0,106.0,-16.0
2013,6,18,9E,ORD,110.0,106.0,-4.0
2013,7,12,B6,JAX,106.0,106.0,0.0
2013,8,1,B6,BUF,122.0,106.0,-16.0
2013,7,23,MQ,RDU,106.0,106.0,0.0
2013,6,14,DL,SAN,-4.0,106.0,110.0
2013,7,1,B6,RSW,1.0,106.0,105.0
2013,7,8,EV,IAD,69.0,106.0,37.0
2013,6,13,B6,BUF,101.0,106.0,5.0
2013,6,28,B6,PBI,102.0,106.0,4.0
2013,6,10,9E,DTW,114.0,106.0,-8.0
2013,7,29,B6,PBI,96.0,106.0,10.0
2013,8,14,MQ,CMH,53.0,105.0,52.0
2013,8,28,9E,CHS,127.0,105.0,-22.0
2013,8,28,B6,RDU,89.0,105.0,16.0
2013,6,13,B6,PBI,60.0,105.0,45.0
2013,6,14,9E,CVG,-2.0,105.0,107.0
2013,6,7,MQ,DCA,98.0,105.0,7.0
2013,6,27,9E,BNA,26.0,105.0,79.0
2013,6,29,9E,ORD,111.0,105.0,-6.0
2013,6,18,DL,PDX,116.0,105.0,-11.0
2013,8,9,AA,BOS,111.0,105.0,-6.0
2013,6,27,B6,PHX,63.0,105.0,42.0
2013,8,9,UA,SFO,103.0,105.0,2.0
2013,8,3,MQ,PIT,66.0,105.0,39.0
2013,7,14,9E,DTW,143.0,105.0,-38.0
2013,7,8,B6,FLL,125.0,105.0,-20.0
2013,6,28,AA,BOS,90.0,105.0,15.0
2013,6,23,B6,SLC,36.0,105.0,69.0
2013,7,5,DL,TPA,129.0,105.0,-24.0
2013,8,8,B6,BUF,110.0,105.0,-5.0
2013,6,28,UA,SFO,57.0,105.0,48.0
2013,6,22,B6,PSE,121.0,105.0,-16.0
2013,6,24,DL,LAS,114.0,105.0,-9.0
2013,8,7,9E,PIT,85.0,105.0,20.0
2013,7,2,B6,MCO,93.0,105.0,12.0
2013,6,23,B6,TPA,119.0,105.0,-14.0
2013,6,25,DL,AUS,94.0,105.0,11.0
2013,6,29,DL,MCO,130.0,105.0,-25.0
2013,7,23,DL,DTW,-1.0,105.0,106.0
2013,8,9,VX,SFO,88.0,105.0,17.0
2013,8,5,MQ,CMH,118.0,105.0,-13.0
2013,7,14,B6,TPA,118.0,104.0,-14.0
2013,7,23,9E,BWI,127.0,104.0,-23.0
2013,8,12,B6,SJU,92.0,104.0,12.0
2013,7,28,B6,MCO,63.0,104.0,41.0
2013,7,7,VX,LAX,19.0,104.0,85.0
2013,7,19,B6,MCO,114.0,104.0,-10.0
2013,7,22,B6,SJU,60.0,104.0,44.0
2013,7,4,B6,TPA,107.0,104.0,-3.0
2013,7,7,B6,BTV,103.0,104.0,1.0
2013,7,13,9E,MSY,61.0,104.0,43.0
2013,6,2,B6,PBI,113.0,104.0,-9.0
2013,8,8,B6,SJU,132.0,104.0,-28.0
2013,6,2,AA,LAX,115.0,104.0,-11.0
2013,6,3,9E,MSP,84.0,104.0,20.0
2013,6,13,VX,LAX,53.0,104.0,51.0
2013,8,9,AA,DFW,1.0,104.0,103.0
2013,6,10,B6,BTV,93.0,104.0,11.0
2013,7,3,DL,MIA,80.0,104.0,24.0
2013,6,18,B6,JAX,115.0,104.0,-11.0
2013,6,30,VX,SFO,99.0,104.0,5.0
2013,6,17,AA,SFO,65.0,104.0,39.0
2013,7,23,B6,BOS,116.0,104.0,-12.0
2013,6,3,B6,BOS,105.0,104.0,-1.0
2013,8,13,B6,LAX,69.0,104.0,35.0
2013,7,21,AA,LAX,76.0,104.0,28.0
2013,6,24,B6,SAN,27.0,104.0,77.0
2013,7,23,DL,BOS,111.0,104.0,-7.0
2013,6,28,UA,LAX,38.0,104.0,66.0
2013,6,28,MQ,IND,64.0,104.0,40.0
2013,6,27,B6,LAX,73.0,104.0,31.0
2013,7,17,DL,ATL,97.0,104.0,7.0
2013,6,25,DL,SJU,136.0,104.0,-32.0
2013,6,26,US,CLT,119.0,104.0,-15.0
2013,8,22,B6,MCO,144.0,104.0,-40.0
2013,8,17,9E,CHS,121.0,104.0,-17.0
2013,7,22,B6,SJU,96.0,104.0,8.0
2013,7,30,VX,SFO,98.0,104.0,6.0
2013,7,8,B6,MCO,121.0,104.0,-17.0
2013,7,26,DL,LAS,104.0,104.0,0.0
2013,7,30,B6,BOS,107.0,104.0,-3.0
2013,7,25,DL,SLC,77.0,103.0,26.0
2013,7,28,DL,SFO,-2.0,103.0,105.0
2013,6,24,B6,ROC,109.0,103.0,-6.0
2013,6,25,B6,SJU,121.0,103.0,-18.0
2013,7,3,9E,RDU,80.0,103.0,23.0
2013,7,17,AA,LAX,90.0,103.0,13.0
2013,8,1,B6,PBI,60.0,103.0,43.0
2013,7,3,B6,BOS,78.0,103.0,25.0
2013,8,4,9E,BUF,94.0,103.0,9.0
2013,6,7,B6,IAD,60.0,103.0,43.0
2013,7,18,B6,IAD,105.0,103.0,-2.0
2013,8,6,B6,SJU,102.0,103.0,1.0
2013,7,14,B6,ORD,114.0,103.0,-11.0
2013,7,7,B6,PWM,94.0,103.0,9.0
2013,7,23,AA,BOS,82.0,103.0,21.0
2013,7,23,B6,PBI,99.0,103.0,4.0
2013,7,1,9E,IAD,129.0,103.0,-26.0
2013,7,22,B6,SYR,-4.0,103.0,107.0
2013,6,27,B6,ABQ,0.0,103.0,103.0
2013,7,13,AA,AUS,80.0,103.0,23.0
2013,8,1,MQ,BNA,91.0,103.0,12.0
2013,7,29,AA,SFO,96.0,103.0,7.0
2013,6,14,AA,LAX,27.0,103.0,76.0
2013,7,20,MQ,CLE,88.0,102.0,14.0
2013,7,10,B6,LAX,7.0,102.0,95.0
2013,7,18,B6,BUF,103.0,102.0,-1.0
2013,6,11,B6,BOS,105.0,102.0,-3.0
2013,8,16,EV,IAD,99.0,102.0,3.0
2013,7,7,B6,ROC,20.0,102.0,82.0
2013,8,6,9E,CHS,135.0,102.0,-33.0
2013,7,7,AA,SFO,48.0,102.0,54.0
2013,6,13,B6,BOS,83.0,102.0,19.0
2013,7,22,B6,SLC,75.0,102.0,27.0
2013,8,12,AA,SFO,72.0,102.0,30.0
2013,6,24,B6,ROC,0.0,102.0,102.0
2013,8,9,B6,MSY,56.0,102.0,46.0
2013,8,8,DL,SJU,63.0,102.0,39.0
2013,7,28,UA,LAX,-4.0,102.0,106.0
2013,6,17,9E,PIT,77.0,102.0,25.0
2013,8,15,B6,TPA,83.0,102.0,19.0
2013,7,22,B6,SJU,115.0,102.0,-13.0
2013,7,24,DL,MCO,150.0,102.0,-48.0
2013,6,8,AA,LAX,115.0,102.0,-13.0
2013,7,1,DL,TPA,110.0,102.0,-8.0
2013,6,29,B6,BUF,85.0,102.0,17.0
2013,7,13,B6,TPA,125.0,102.0,-23.0
2013,7,9,9E,CHS,80.0,102.0,22.0
2013,7,3,B6,HOU,101.0,102.0,1.0
2013,8,3,MQ,IND,86.0,102.0,16.0
2013,6,14,DL,SEA,64.0,102.0,38.0
2013,7,28,B6,LAS,58.0,101.0,43.0
2013,7,7,B6,LAX,21.0,101.0,80.0
2013,6,12,AA,MIA,24.0,101.0,77.0
2013,8,8,B6,FLL,73.0,101.0,28.0
2013,6,3,9E,RDU,133.0,101.0,-32.0
2013,7,23,UA,LAX,32.0,101.0,69.0
2013,7,2,DL,SFO,126.0,101.0,-25.0
2013,8,28,AA,SFO,92.0,101.0,9.0
2013,8,7,9E,MSY,32.0,101.0,69.0
2013,6,23,B6,DEN,109.0,101.0,-8.0
2013,6,28,UA,LAX,69.0,101.0,32.0
2013,7,9,AA,SFO,111.0,101.0,-10.0
2013,7,26,9E,MSP,135.0,101.0,-34.0
2013,6,29,B6,PHX,108.0,101.0,-7.0
2013,6,9,B6,LAX,123.0,101.0,-22.0
2013,6,8,DL,LAS,125.0,101.0,-24.0
2013,6,26,9E,ORD,98.0,101.0,3.0
2013,7,5,B6,FLL,134.0,101.0,-33.0
2013,7,9,MQ,BNA,57.0,101.0,44.0
2013,7,29,B6,PHX,85.0,101.0,16.0
2013,6,26,AA,SFO,104.0,101.0,-3.0
2013,7,13,9E,CHS,112.0,101.0,-11.0
2013,7,12,B6,MCO,107.0,101.0,-6.0
2013,7,23,9E,MCI,93.0,101.0,8.0
2013,6,27,B6,BOS,86.0,101.0,15.0
2013,6,25,AA,MIA,89.0,101.0,12.0
2013,7,5,B6,TPA,110.0,101.0,-9.0
2013,6,3,B6,BUR,111.0,101.0,-10.0
2013,7,7,AA,ORD,50.0,101.0,51.0
2013,8,4,AA,SFO,56.0,101.0,45.0
2013,8,12,B6,JAX,108.0,101.0,-7.0
2013,7,3,AA,SJU,105.0,101.0,-4.0
2013,7,30,UA,SFO,112.0,101.0,-11.0
2013,7,9,DL,ATL,69.0,101.0,32.0
2013,7,18,B6,FLL,97.0,101.0,4.0
2013,8,1,B6,BOS,105.0,101.0,-4.0
2013,7,14,9E,DCA,131.0,101.0,-30.0
2013,7,10,DL,SFO,10.0,101.0,91.0
2013,7,21,MQ,CLE,65.0,100.0,35.0
2013,7,3,9E,DCA,115.0,100.0,-15.0
2013,7,19,9E,MSY,127.0,100.0,-27.0
2013,8,9,B6,FLL,72.0,100.0,28.0
2013,7,24,B6,SJU,84.0,100.0,16.0
2013,6,27,DL,SLC,26.0,100.0,74.0
2013,8,3,B6,SJU,109.0,100.0,-9.0
2013,6,27,DL,LAX,74.0,100.0,26.0
2013,8,17,DL,TPA,105.0,100.0,-5.0
2013,7,1,MQ,DCA,88.0,100.0,12.0
2013,6,27,AA,ORD,84.0,100.0,16.0
2013,7,8,B6,SMF,131.0,100.0,-31.0
2013,8,13,B6,CLT,-2.0,100.0,102.0
2013,8,13,9E,PHL,76.0,100.0,24.0
2013,6,1,9E,CVG,107.0,100.0,-7.0
2013,6,23,UA,SFO,101.0,100.0,-1.0
2013,6,7,DL,DEN,67.0,100.0,33.0
2013,7,6,B6,BUF,105.0,100.0,-5.0
2013,6,10,B6,HOU,99.0,100.0,1.0
2013,8,1,B6,PWM,112.0,100.0,-12.0
2013,6,10,9E,ORD,110.0,100.0,-10.0
2013,7,4,B6,MCO,118.0,100.0,-18.0
2013,7,9,B6,LAX,32.0,100.0,68.0
2013,7,18,B6,ROC,110.0,100.0,-10.0
2013,7,2,B6,BOS,103.0,100.0,-3.0
2013,7,23,B6,BUF,33.0,100.0,67.0
2013,7,31,B6,SJU,117.0,100.0,-17.0
2013,7,9,B6,FLL,73.0,100.0,27.0
2013,6,8,DL,BOS,123.0,100.0,-23.0
2013,6,13,US,CLT,65.0,100.0,35.0
2013,7,17,9E,CHS,99.0,100.0,1.0
2013,7,25,DL,SAT,122.0,100.0,-22.0
2013,7,22,B6,BQN,86.0,100.0,14.0
2013,6,14,MQ,DCA,104.0,100.0,-4.0
2013,6,10,B6,SJU,25.0,100.0,75.0
2013,6,26,AA,MIA,3.0,99.0,96.0
2013,7,25,B6,BOS,88.0,99.0,11.0
2013,6,28,B6,CHS,96.0,99.0,3.0
2013,7,8,B6,BOS,84.0,99.0,15.0
2013,8,12,B6,FLL,120.0,99.0,-21.0
2013,6,27,B6,MSY,85.0,99.0,14.0
2013,6,30,MQ,CLE,2.0,99.0,97.0
2013,7,27,9E,JAX,86.0,99.0,13.0
2013,8,6,B6,DEN,111.0,99.0,-12.0
2013,7,8,9E,PIT,119.0,99.0,-20.0
2013,7,1,DL,MCO,7.0,99.0,92.0
2013,8,14,B6,FLL,59.0,99.0,40.0
2013,7,12,DL,SFO,132.0,99.0,-33.0
2013,7,20,MQ,CMH,114.0,99.0,-15.0
2013,7,1,9E,MKE,104.0,99.0,-5.0
2013,8,4,B6,SAN,129.0,99.0,-30.0
2013,6,25,B6,BQN,123.0,99.0,-24.0
2013,7,28,MQ,BNA,43.0,99.0,56.0
2013,7,16,DL,SFO,90.0,99.0,9.0
2013,6,13,DL,MIA,56.0,99.0,43.0
2013,8,9,UA,SFO,21.0,99.0,78.0
2013,6,10,B6,BOS,62.0,99.0,37.0
2013,6,28,B6,PHX,89.0,99.0,10.0
2013,6,30,AA,IAH,116.0,99.0,-17.0
2013,6,23,DL,SAT,16.0,99.0,83.0
2013,8,8,MQ,BWI,52.0,99.0,47.0
2013,8,28,B6,SJU,85.0,99.0,14.0
2013,7,2,B6,LAX,85.0,99.0,14.0
2013,6,23,VX,SFO,103.0,99.0,-4.0
2013,6,12,B6,PBI,99.0,99.0,0.0
2013,7,12,B6,PBI,85.0,99.0,14.0
2013,6,26,B6,MCO,53.0,99.0,46.0
2013,7,23,B6,SJU,93.0,99.0,6.0
2013,8,1,AA,LAX,85.0,99.0,14.0
2013,8,8,EV,IAD,42.0,99.0,57.0
2013,8,28,B6,SYR,85.0,99.0,14.0
2013,6,26,B6,BQN,89.0,99.0,10.0
2013,6,25,MQ,BNA,94.0,98.0,4.0
2013,7,23,9E,BWI,111.0,98.0,-13.0
2013,7,28,B6,LAS,55.0,98.0,43.0
2013,8,11,B6,TPA,114.0,98.0,-16.0
2013,6,26,DL,ATL,86.0,98.0,12.0
2013,6,7,DL,FLL,60.0,98.0,38.0
2013,6,25,VX,LAS,95.0,98.0,3.0
2013,7,1,B6,MVY,89.0,98.0,9.0
2013,8,13,B6,AUS,92.0,98.0,6.0
2013,8,9,B6,ABQ,112.0,98.0,-14.0
2013,6,7,B6,JAX,98.0,98.0,0.0
2013,7,23,B6,PBI,98.0,98.0,0.0
2013,7,28,DL,SLC,57.0,98.0,41.0
2013,7,1,DL,SEA,138.0,98.0,-40.0
2013,7,10,9E,RIC,73.0,98.0,25.0
2013,7,19,B6,TPA,71.0,98.0,27.0
2013,7,2,B6,SYR,119.0,98.0,-21.0
2013,7,27,DL,SLC,101.0,98.0,-3.0
2013,6,27,DL,AUS,19.0,98.0,79.0
2013,7,19,B6,SJU,79.0,98.0,19.0
2013,6,10,VX,SFO,129.0,98.0,-31.0
2013,7,29,B6,SJU,97.0,98.0,1.0
2013,6,17,DL,MIA,24.0,98.0,74.0
2013,6,24,B6,MCO,82.0,98.0,16.0
2013,8,28,B6,BOS,83.0,98.0,15.0
2013,7,7,B6,SLC,38.0,98.0,60.0
2013,6,10,DL,MIA,71.0,98.0,27.0
2013,7,9,9E,CVG,136.0,98.0,-38.0
2013,7,1,B6,LAS,63.0,98.0,35.0
2013,6,28,B6,BUF,110.0,98.0,-12.0
2013,7,22,DL,SFO,-6.0,98.0,104.0
2013,7,7,B6,PSE,102.0,98.0,-4.0
2013,6,20,B6,AUS,81.0,98.0,17.0
2013,7,28,9E,CVG,3.0,98.0,95.0
2013,7,22,DL,SJU,93.0,98.0,5.0
2013,7,9,MQ,CMH,99.0,98.0,-1.0
2013,6,11,9E,CLT,74.0,98.0,24.0
2013,7,5,MQ,BNA,116.0,98.0,-18.0
2013,6,28,B6,TPA,105.0,98.0,-7.0
2013,6,14,VX,SFO,2.0,98.0,96.0
2013,6,14,MQ,CMH,11.0,97.0,86.0
2013,8,9,B6,TPA,119.0,97.0,-22.0
2013,6,13,9E,DCA,59.0,97.0,38.0
2013,8,14,DL,TPA,105.0,97.0,-8.0
2013,6,28,9E,CLE,59.0,97.0,38.0
2013,6,24,AA,SAN,76.0,97.0,21.0
2013,6,18,9E,CLT,-3.0,97.0,100.0
2013,7,20,DL,PHX,105.0,97.0,-8.0
2013,7,9,MQ,DCA,87.0,97.0,10.0
2013,7,30,AA,SFO,109.0,97.0,-12.0
2013,6,14,DL,LAS,1.0,97.0,96.0
2013,6,14,UA,SFO,4.0,97.0,93.0
2013,7,3,9E,IND,101.0,97.0,-4.0
2013,7,17,DL,LAX,134.0,97.0,-37.0
2013,8,22,B6,AUS,112.0,97.0,-15.0
2013,8,20,B6,MCO,128.0,97.0,-31.0
2013,6,10,B6,PWM,96.0,97.0,1.0
2013,7,6,DL,AUS,127.0,97.0,-30.0
2013,6,25,9E,BOS,105.0,97.0,-8.0
2013,8,3,B6,SJU,80.0,97.0,17.0
2013,7,28,AA,LAX,2.0,97.0,95.0
2013,6,21,9E,MKE,130.0,97.0,-33.0
2013,6,28,B6,LAS,98.0,97.0,-1.0
2013,8,24,9E,BUF,101.0,97.0,-4.0
2013,7,14,UA,SFO,104.0,97.0,-7.0
2013,6,27,MQ,CVG,17.0,97.0,80.0
2013,8,13,MQ,RDU,59.0,97.0,38.0
2013,6,29,AA,MIA,77.0,97.0,20.0
2013,7,11,9E,MSY,108.0,97.0,-11.0
2013,6,13,VX,LAX,-4.0,97.0,101.0
2013,7,20,9E,DCA,29.0,97.0,68.0
2013,6,15,MQ,IND,123.0,97.0,-26.0
2013,8,13,B6,BUF,106.0,97.0,-9.0
2013,8,7,VX,SFO,44.0,97.0,53.0
2013,6,7,UA,LAX,74.0,97.0,23.0
2013,8,9,9E,MKE,0.0,97.0,97.0
2013,6,10,UA,SFO,78.0,97.0,19.0
2013,7,22,UA,SFO,0.0,97.0,97.0
2013,6,17,AA,IAH,70.0,97.0,27.0
2013,7,23,B6,MSY,68.0,97.0,29.0
2013,7,7,AA,AUS,43.0,97.0,54.0
2013,8,15,AA,LAX,106.0,96.0,-10.0
2013,8,2,DL,PDX,99.0,96.0,-3.0
2013,8,2,B6,SLC,87.0,96.0,9.0
2013,7,28,9E,MSP,35.0,96.0,61.0
2013,6,23,B6,AUS,87.0,96.0,9.0
2013,6,28,AA,LAX,102.0,96.0,-6.0
2013,8,22,B6,BOS,120.0,96.0,-24.0
2013,6,28,US,PHX,58.0,96.0,38.0
2013,8,9,9E,SDF,36.0,96.0,60.0
2013,6,14,AA,AUS,-2.0,96.0,98.0
2013,8,3,DL,MIA,101.0,96.0,-5.0
2013,6,10,DL,LAX,75.0,96.0,21.0
2013,6,2,US,PHX,100.0,96.0,-4.0
2013,7,7,B6,RDU,54.0,96.0,42.0
2013,7,13,AA,LAS,106.0,96.0,-10.0
2013,7,10,AA,DFW,30.0,96.0,66.0
2013,7,11,B6,PHX,122.0,96.0,-26.0
2013,8,13,AA,LAX,33.0,96.0,63.0
2013,8,8,MQ,ORF,96.0,96.0,0.0
2013,8,14,DL,PHX,34.0,96.0,62.0
2013,8,22,B6,JAX,62.0,96.0,34.0
2013,6,30,B6,BUF,113.0,96.0,-17.0
2013,6,24,DL,DTW,72.0,96.0,24.0
2013,7,22,AA,LAX,55.0,96.0,41.0
2013,7,9,9E,CVG,46.0,96.0,50.0
2013,7,11,B6,PBI,102.0,96.0,-6.0
2013,6,7,B6,TPA,49.0,96.0,47.0
2013,6,17,9E,DCA,91.0,96.0,5.0
2013,6,28,B6,PWM,119.0,96.0,-23.0
2013,6,13,B6,PWM,58.0,96.0,38.0
2013,8,9,MQ,BNA,38.0,96.0,58.0
2013,8,22,B6,BUF,119.0,96.0,-23.0
2013,8,3,B6,ORD,95.0,96.0,1.0
2013,7,6,B6,PSE,108.0,96.0,-12.0
2013,7,11,MQ,DCA,46.0,96.0,50.0
2013,6,15,AA,BOS,137.0,96.0,-41.0
2013,8,9,9E,BUF,62.0,96.0,34.0
2013,7,21,9E,PHL,121.0,96.0,-25.0
2013,6,17,9E,DTW,58.0,95.0,37.0
2013,6,17,AA,LAS,87.0,95.0,8.0
2013,7,28,B6,SAN,11.0,95.0,84.0
2013,8,1,B6,BUF,97.0,95.0,-2.0
2013,6,13,9E,CVG,73.0,95.0,22.0
2013,6,26,B6,FLL,54.0,95.0,41.0
2013,6,25,UA,SFO,92.0,95.0,3.0
2013,6,17,B6,ORD,67.0,95.0,28.0
2013,7,2,B6,JAX,90.0,95.0,5.0
2013,7,22,DL,LAS,21.0,95.0,74.0
2013,6,10,9E,PHL,94.0,95.0,1.0
2013,8,13,US,CLT,89.0,95.0,6.0
2013,7,10,AA,LAX,50.0,95.0,45.0
2013,6,30,B6,MSY,111.0,95.0,-16.0
2013,7,23,B6,BOS,103.0,95.0,-8.0
2013,7,28,DL,SLC,27.0,95.0,68.0
2013,6,26,B6,PBI,99.0,95.0,-4.0
2013,8,2,B6,MCO,81.0,95.0,14.0
2013,7,11,B6,SJU,95.0,95.0,0.0
2013,7,18,B6,DEN,108.0,95.0,-13.0
2013,8,28,DL,SAT,160.0,95.0,-65.0
2013,7,9,9E,BWI,99.0,95.0,-4.0
2013,7,7,B6,SMF,39.0,95.0,56.0
2013,7,22,DL,ATL,82.0,95.0,13.0
2013,8,9,AA,SFO,82.0,95.0,13.0
2013,8,9,B6,OAK,112.0,95.0,-17.0
2013,7,8,B6,SJU,96.0,95.0,-1.0
2013,6,14,AA,BOS,82.0,95.0,13.0
2013,7,1,B6,HOU,62.0,95.0,33.0
2013,8,22,B6,MCO,78.0,95.0,17.0
2013,7,22,US,PHX,5.0,95.0,90.0
2013,7,1,DL,AUS,91.0,95.0,4.0
2013,8,8,AA,LAX,95.0,95.0,0.0
2013,6,13,B6,CHS,43.0,95.0,52.0
2013,6,29,US,PHX,94.0,95.0,1.0
2013,6,28,DL,SJU,126.0,94.0,-32.0
2013,7,2,9E,DTW,63.0,94.0,31.0
2013,6,14,DL,LAX,10.0,94.0,84.0
2013,8,28,9E,MCI,146.0,94.0,-52.0
2013,8,25,B6,SRQ,113.0,94.0,-19.0
2013,6,7,B6,MSY,61.0,94.0,33.0
2013,7,28,B6,FLL,10.0,94.0,84.0
2013,7,12,EV,IAD,51.0,94.0,43.0
2013,8,1,9E,MSP,93.0,94.0,1.0
2013,7,12,AA,LAX,148.0,94.0,-54.0
2013,6,13,VX,SFO,56.0,94.0,38.0
2013,6,13,DL,SLC,87.0,94.0,7.0
2013,7,8,B6,DEN,111.0,94.0,-17.0
2013,6,18,AA,TPA,114.0,94.0,-20.0
2013,7,18,DL,SLC,133.0,94.0,-39.0
2013,7,21,DL,SEA,85.0,94.0,9.0
2013,6,26,B6,LAS,76.0,94.0,18.0
2013,6,18,B6,IAD,62.0,94.0,32.0
2013,7,12,9E,JAX,63.0,94.0,31.0
2013,8,28,DL,BOS,117.0,94.0,-23.0
2013,8,1,B6,JAX,93.0,94.0,1.0
2013,7,13,B6,DEN,109.0,94.0,-15.0
2013,8,12,B6,BUF,92.0,94.0,2.0
2013,6,5,B6,PWM,97.0,94.0,-3.0
2013,8,13,B6,PBI,88.0,94.0,6.0
2013,7,22,B6,PBI,86.0,94.0,8.0
2013,8,9,B6,IAD,53.0,94.0,41.0
2013,7,2,9E,MSY,118.0,94.0,-24.0
2013,7,13,DL,MIA,82.0,94.0,12.0
2013,6,25,DL,MIA,95.0,94.0,-1.0
2013,7,24,DL,BOS,99.0,94.0,-5.0
2013,8,28,B6,SJU,110.0,94.0,-16.0
2013,8,6,DL,AUS,106.0,94.0,-12.0
2013,7,13,B6,BUF,88.0,94.0,6.0
2013,7,16,B6,SFO,104.0,94.0,-10.0
2013,7,31,B6,ORD,119.0,94.0,-25.0
2013,6,25,B6,ROC,86.0,94.0,8.0
2013,8,4,B6,BOS,100.0,94.0,-6.0
2013,6,27,B6,MCO,45.0,93.0,48.0
2013,8,8,B6,DEN,80.0,93.0,13.0
2013,6,16,VX,SFO,7.0,93.0,86.0
2013,7,10,DL,LAX,-2.0,93.0,95.0
2013,6,14,B6,TPA,110.0,93.0,-17.0
2013,8,9,B6,FLL,97.0,93.0,-4.0
2013,6,23,VX,LAX,91.0,93.0,2.0
2013,8,7,9E,BOS,57.0,93.0,36.0
2013,8,6,EV,IAD,101.0,93.0,-8.0
2013,7,19,B6,MCO,102.0,93.0,-9.0
2013,6,17,B6,PBI,48.0,93.0,45.0
2013,6,17,9E,IND,57.0,93.0,36.0
2013,6,27,DL,DEN,46.0,93.0,47.0
2013,6,7,DL,MIA,40.0,93.0,53.0
2013,7,3,9E,JAX,115.0,93.0,-22.0
2013,8,8,B6,MSY,94.0,93.0,-1.0
2013,7,29,DL,SJU,75.0,93.0,18.0
2013,7,16,B6,CHS,70.0,93.0,23.0
2013,7,20,MQ,DCA,54.0,93.0,39.0
2013,8,8,B6,SEA,28.0,93.0,65.0
2013,7,28,MQ,DCA,0.0,93.0,93.0
2013,8,8,AA,IAH,76.0,93.0,17.0
2013,7,2,B6,DEN,116.0,93.0,-23.0
2013,6,27,B6,AUS,54.0,93.0,39.0
2013,7,18,B6,BUF,103.0,93.0,-10.0
2013,7,10,B6,SLC,20.0,93.0,73.0
2013,8,13,B6,BUF,95.0,93.0,-2.0
2013,8,23,UA,SFO,94.0,93.0,-1.0
2013,8,22,9E,RDU,136.0,93.0,-43.0
2013,8,1,B6,MSY,94.0,93.0,-1.0
2013,6,30,VX,LAX,80.0,93.0,13.0
2013,7,28,DL,SJU,56.0,93.0,37.0
2013,8,10,DL,ATL,74.0,93.0,19.0
2013,6,13,B6,PDX,42.0,93.0,51.0
2013,8,7,9E,BWI,73.0,93.0,20.0
2013,7,22,AA,LAX,5.0,93.0,88.0
2013,7,18,9E,MSY,93.0,93.0,0.0
2013,7,7,UA,LAX,-4.0,92.0,96.0
2013,6,7,MQ,CMH,106.0,92.0,-14.0
2013,6,10,B6,ROC,79.0,92.0,13.0
2013,6,17,DL,ATL,57.0,92.0,35.0
2013,6,17,DL,MIA,49.0,92.0,43.0
2013,6,5,MQ,RDU,95.0,92.0,-3.0
2013,6,10,B6,FLL,115.0,92.0,-23.0
2013,8,1,9E,DCA,78.0,92.0,14.0
2013,7,11,US,CLT,81.0,92.0,11.0
2013,6,28,DL,LAX,112.0,92.0,-20.0
2013,6,29,DL,DTW,90.0,92.0,2.0
2013,6,23,B6,SJU,100.0,92.0,-8.0
2013,7,4,B6,MCO,107.0,92.0,-15.0
2013,6,24,DL,ATL,89.0,92.0,3.0
2013,8,16,B6,JAX,92.0,92.0,0.0
2013,8,8,UA,LAX,76.0,92.0,16.0
2013,7,22,AA,SAN,70.0,92.0,22.0
2013,7,23,B6,PWM,101.0,92.0,-9.0
2013,8,3,9E,PIT,104.0,92.0,-12.0
2013,7,24,B6,SJU,103.0,92.0,-11.0
2013,7,8,DL,PDX,139.0,92.0,-47.0
2013,7,7,DL,LAS,64.0,92.0,28.0
2013,8,9,EV,IAD,103.0,92.0,-11.0
2013,6,29,B6,MCO,89.0,92.0,3.0
2013,7,3,B6,SJU,70.0,92.0,22.0
2013,6,10,B6,MCO,76.0,92.0,16.0
2013,6,10,B6,BUF,107.0,92.0,-15.0
2013,6,24,DL,DEN,114.0,92.0,-22.0
2013,8,8,9E,DFW,51.0,92.0,41.0
2013,7,12,B6,BTV,90.0,92.0,2.0
2013,6,27,DL,BOS,98.0,92.0,-6.0
2013,7,28,DL,SFO,-3.0,92.0,95.0
2013,7,13,B6,BOS,107.0,92.0,-15.0
2013,6,2,B6,ROC,99.0,92.0,-7.0
2013,8,8,B6,SJU,56.0,92.0,36.0
2013,7,16,B6,MCO,69.0,92.0,23.0
2013,8,5,DL,LAX,104.0,92.0,-12.0
2013,6,4,MQ,BWI,104.0,92.0,-12.0
2013,8,8,DL,BOS,87.0,91.0,4.0
2013,7,8,B6,ORD,101.0,91.0,-10.0
2013,8,22,MQ,DCA,49.0,91.0,42.0
2013,7,10,DL,ATL,0.0,91.0,91.0
2013,8,28,B6,BUF,77.0,91.0,14.0
2013,7,8,MQ,BNA,69.0,91.0,22.0
2013,6,25,B6,ORD,79.0,91.0,12.0
2013,6,14,9E,MSP,27.0,91.0,64.0
2013,6,24,AA,LAX,63.0,91.0,28.0
2013,6,6,AA,AUS,82.0,91.0,9.0
2013,7,1,DL,ATL,87.0,91.0,4.0
2013,7,1,B6,BTV,112.0,91.0,-21.0
2013,8,23,EV,IAD,75.0,91.0,16.0
2013,8,1,B6,MCO,87.0,91.0,4.0
2013,8,22,9E,ORD,92.0,91.0,-1.0
2013,8,28,AA,IAH,99.0,91.0,-8.0
2013,6,14,DL,DTW,51.0,91.0,40.0
2013,6,26,B6,FLL,49.0,91.0,42.0
2013,8,12,B6,PBI,87.0,91.0,4.0
2013,7,6,B6,PBI,77.0,91.0,14.0
2013,7,2,B6,BQN,84.0,91.0,7.0
2013,6,10,UA,SFO,39.0,91.0,52.0
2013,6,10,DL,ATL,80.0,91.0,11.0
2013,8,10,B6,BUF,89.0,91.0,2.0
2013,7,16,B6,MCO,67.0,91.0,24.0
2013,8,28,US,CLT,86.0,91.0,5.0
2013,6,25,B6,SJU,67.0,91.0,24.0
2013,6,2,9E,IAD,57.0,91.0,34.0
2013,8,19,AA,LAX,118.0,91.0,-27.0
2013,6,30,B6,FLL,66.0,91.0,25.0
2013,7,21,B6,JAX,97.0,91.0,-6.0
2013,7,11,B6,LAS,87.0,91.0,4.0
2013,6,13,MQ,DCA,67.0,91.0,24.0
2013,6,13,DL,LAS,71.0,91.0,20.0
2013,8,14,B6,FLL,58.0,91.0,33.0
2013,7,12,B6,PBI,63.0,91.0,28.0
2013,7,3,DL,ATL,81.0,91.0,10.0
2013,8,12,B6,SJU,49.0,91.0,42.0
2013,7,17,MQ,CMH,90.0,91.0,1.0
2013,8,14,B6,TPA,80.0,90.0,10.0
2013,6,25,AA,SAN,66.0,90.0,24.0
2013,8,7,B6,SJU,81.0,90.0,9.0
2013,7,28,9E,MKE,-3.0,90.0,93.0
2013,7,29,B6,SFO,76.0,90.0,14.0
2013,7,16,9E,DCA,108.0,90.0,-18.0
2013,6,28,9E,MSP,49.0,90.0,41.0
2013,7,23,B6,SLC,39.0,90.0,51.0
2013,8,8,AA,AUS,72.0,90.0,18.0
2013,8,2,AA,ORD,65.0,90.0,25.0
2013,8,7,DL,SEA,82.0,90.0,8.0
2013,7,1,DL,MIA,98.0,90.0,-8.0
2013,8,8,DL,SEA,21.0,90.0,69.0
2013,7,28,UA,SFO,12.0,90.0,78.0
2013,8,4,9E,MKE,89.0,90.0,1.0
2013,6,7,9E,ORF,32.0,90.0,58.0
2013,7,28,B6,SJC,42.0,90.0,48.0
2013,8,17,B6,MCO,86.0,90.0,4.0
2013,8,22,9E,DTW,106.0,90.0,-16.0
2013,6,25,US,PHX,94.0,90.0,-4.0
2013,7,11,B6,BQN,93.0,90.0,-3.0
2013,7,16,B6,SJU,81.0,90.0,9.0
2013,6,26,B6,LAX,67.0,90.0,23.0
2013,8,9,B6,MSY,105.0,90.0,-15.0
2013,6,3,9E,DTW,100.0,90.0,-10.0
2013,8,22,AA,ORD,116.0,90.0,-26.0
2013,7,22,DL,LAX,4.0,90.0,86.0
2013,7,24,9E,CLE,81.0,90.0,9.0
2013,7,14,EV,IAD,84.0,90.0,6.0
2013,7,8,B6,PBI,104.0,90.0,-14.0
2013,6,28,B6,SMF,57.0,90.0,33.0
2013,6,25,DL,LAX,89.0,90.0,1.0
2013,6,10,9E,MSP,105.0,90.0,-15.0
2013,7,28,DL,SFO,-1.0,89.0,90.0
2013,6,7,B6,SFO,47.0,89.0,42.0
2013,8,30,B6,SJU,74.0,89.0,15.0
2013,6,17,9E,MCI,41.0,89.0,48.0
2013,6,25,MQ,BWI,94.0,89.0,-5.0
2013,7,27,9E,MSY,78.0,89.0,11.0
2013,6,25,B6,MCO,90.0,89.0,-1.0
2013,7,21,MQ,RDU,55.0,89.0,34.0
2013,6,13,AA,LAX,78.0,89.0,11.0
2013,7,9,AA,SAN,71.0,89.0,18.0
2013,7,27,DL,DTW,34.0,89.0,55.0
2013,8,1,AA,LAX,48.0,89.0,41.0
2013,6,18,B6,BOS,112.0,89.0,-23.0
2013,7,17,B6,BTV,86.0,89.0,3.0
2013,8,11,B6,BUR,65.0,89.0,24.0
2013,7,10,DL,DEN,12.0,89.0,77.0
2013,6,14,9E,MCI,32.0,89.0,57.0
2013,7,12,DL,BOS,97.0,89.0,-8.0
2013,7,9,AA,SEA,84.0,89.0,5.0
2013,8,13,9E,MCI,124.0,89.0,-35.0
2013,8,22,B6,ROC,34.0,89.0,55.0
2013,6,11,9E,BOS,116.0,89.0,-27.0
2013,7,1,9E,ORF,115.0,89.0,-26.0
2013,7,2,B6,AUS,83.0,89.0,6.0
2013,8,12,B6,LAX,24.0,89.0,65.0
2013,6,25,B6,BUF,82.0,89.0,7.0
2013,6,17,AA,DFW,67.0,89.0,22.0
2013,7,19,9E,BWI,99.0,89.0,-10.0
2013,6,27,B6,PWM,94.0,89.0,-5.0
2013,6,30,AA,LAX,54.0,89.0,35.0
2013,8,20,DL,LAX,111.0,89.0,-22.0
2013,7,7,MQ,BWI,29.0,89.0,60.0
2013,8,14,9E,BOS,57.0,89.0,32.0
2013,6,27,DL,ATL,-1.0,89.0,90.0
2013,8,9,EV,IAD,36.0,89.0,53.0
2013,8,17,B6,MCO,86.0,89.0,3.0
2013,6,7,B6,SYR,75.0,89.0,14.0
2013,7,11,DL,SFO,66.0,89.0,23.0
2013,6,10,B6,ORD,110.0,89.0,-21.0
2013,8,9,B6,SAN,0.0,89.0,89.0
2013,6,30,AA,SEA,83.0,89.0,6.0
2013,8,27,B6,MCO,113.0,89.0,-24.0
2013,6,17,9E,MSY,60.0,89.0,29.0
2013,7,23,B6,MCO,70.0,89.0,19.0
2013,7,13,B6,PBI,75.0,89.0,14.0
2013,7,7,B6,MVY,-6.0,88.0,94.0
2013,6,14,DL,LAX,-4.0,88.0,92.0
2013,8,22,MQ,DCA,87.0,88.0,1.0
2013,6,11,MQ,RDU,100.0,88.0,-12.0
2013,6,20,DL,SJU,135.0,88.0,-47.0
2013,6,14,AA,SAN,65.0,88.0,23.0
2013,8,13,B6,SFO,34.0,88.0,54.0
2013,6,13,B6,SFO,83.0,88.0,5.0
2013,6,14,B6,PDX,100.0,88.0,-12.0
2013,6,18,DL,AUS,106.0,88.0,-18.0
2013,6,18,DL,ATL,83.0,88.0,5.0
2013,7,3,DL,SJU,107.0,88.0,-19.0
2013,7,10,AA,LAX,10.0,88.0,78.0
2013,6,18,9E,CVG,90.0,88.0,-2.0
2013,8,8,B6,BTV,84.0,88.0,4.0
2013,7,1,B6,SMF,108.0,88.0,-20.0
2013,6,30,B6,TPA,90.0,88.0,-2.0
2013,6,30,B6,MCO,97.0,88.0,-9.0
2013,6,21,9E,DTW,102.0,88.0,-14.0
2013,7,31,9E,DCA,112.0,88.0,-24.0
2013,7,28,B6,SYR,-1.0,88.0,89.0
2013,8,1,AA,LAX,104.0,88.0,-16.0
2013,6,28,B6,LAX,92.0,88.0,-4.0
2013,8,3,AA,MIA,79.0,88.0,9.0
2013,8,11,B6,LAS,85.0,88.0,3.0
2013,7,8,B6,PWM,102.0,88.0,-14.0
2013,7,23,B6,SYR,79.0,88.0,9.0
2013,7,16,B6,TPA,63.0,88.0,25.0
2013,7,22,B6,ORD,44.0,88.0,44.0
2013,8,4,AA,MCO,75.0,88.0,13.0
2013,8,6,B6,FLL,106.0,88.0,-18.0
2013,6,17,VX,LAX,31.0,88.0,57.0
2013,8,9,9E,PIT,54.0,88.0,34.0
2013,7,11,VX,SFO,93.0,88.0,-5.0
2013,8,1,B6,BUR,71.0,88.0,17.0
2013,7,2,DL,MCO,93.0,88.0,-5.0
2013,8,17,9E,DCA,107.0,88.0,-19.0
2013,7,22,B6,BOS,83.0,88.0,5.0
2013,7,23,MQ,DCA,80.0,88.0,8.0
2013,8,29,B6,PBI,90.0,88.0,-2.0
2013,6,22,DL,LAS,98.0,88.0,-10.0
2013,7,13,B6,FLL,6.0,88.0,82.0
2013,7,24,US,CLT,97.0,88.0,-9.0
2013,7,7,B6,PBI,4.0,87.0,83.0
2013,7,1,B6,RSW,41.0,87.0,46.0
2013,7,7,B6,BQN,91.0,87.0,-4.0
2013,8,2,UA,SFO,73.0,87.0,14.0
2013,6,22,B6,LAX,111.0,87.0,-24.0
2013,7,23,B6,BOS,43.0,87.0,44.0
2013,7,3,B6,ORD,62.0,87.0,25.0
2013,7,10,B6,PHX,0.0,87.0,87.0
2013,7,10,DL,ATL,62.0,87.0,25.0
2013,8,12,9E,MSP,107.0,87.0,-20.0
2013,7,28,B6,TPA,51.0,87.0,36.0
2013,6,13,B6,LAS,86.0,87.0,1.0
2013,7,21,9E,IAD,39.0,87.0,48.0
2013,6,23,AA,ORD,106.0,87.0,-19.0
2013,7,9,DL,DTW,9.0,87.0,78.0
2013,8,9,9E,CVG,68.0,87.0,19.0
2013,7,3,EV,IAD,84.0,87.0,3.0
2013,8,14,MQ,RDU,61.0,87.0,26.0
2013,6,17,AA,MIA,85.0,87.0,2.0
2013,6,17,9E,JAX,75.0,87.0,12.0
2013,7,14,B6,SJU,116.0,87.0,-29.0
2013,7,21,B6,TPA,96.0,87.0,-9.0
2013,8,9,DL,MIA,39.0,87.0,48.0
2013,7,5,UA,LAX,98.0,87.0,-11.0
2013,7,23,B6,SFO,98.0,87.0,-11.0
2013,7,18,B6,TPA,79.0,87.0,8.0
2013,7,24,B6,TPA,84.0,87.0,3.0
2013,7,20,B6,LAS,13.0,87.0,74.0
2013,8,3,9E,CLE,76.0,87.0,11.0
2013,8,9,DL,PHX,85.0,87.0,2.0
2013,7,11,B6,MCO,104.0,87.0,-17.0
2013,8,1,B6,IAD,46.0,87.0,41.0
2013,8,17,9E,MSP,126.0,87.0,-39.0
2013,8,7,9E,IAD,-4.0,87.0,91.0
2013,8,28,UA,SFO,87.0,87.0,0.0
2013,7,20,DL,DEN,47.0,87.0,40.0
2013,6,28,9E,DCA,93.0,87.0,-6.0
2013,8,10,B6,BOS,118.0,87.0,-31.0
2013,6,13,MQ,BNA,47.0,87.0,40.0
2013,7,23,B6,LAS,27.0,87.0,60.0
2013,7,23,9E,ORD,3.0,87.0,84.0
2013,7,23,B6,SAN,2.0,86.0,84.0
2013,6,14,B6,IAD,-2.0,86.0,88.0
2013,7,7,B6,LAX,86.0,86.0,0.0
2013,8,1,B6,DEN,72.0,86.0,14.0
2013,8,13,MQ,DCA,95.0,86.0,-9.0
2013,7,12,B6,SFO,129.0,86.0,-43.0
2013,7,31,UA,SFO,62.0,86.0,24.0
2013,8,8,B6,BUF,61.0,86.0,25.0
2013,7,10,B6,TPA,73.0,86.0,13.0
2013,8,13,B6,SJC,64.0,86.0,22.0
2013,6,18,B6,BUR,93.0,86.0,-7.0
2013,8,13,B6,PWM,76.0,86.0,10.0
2013,7,9,AA,DFW,87.0,86.0,-1.0
2013,7,1,B6,ORD,71.0,86.0,15.0
2013,8,26,B6,BUF,96.0,86.0,-10.0
2013,8,24,EV,IAD,93.0,86.0,-7.0
2013,8,24,9E,MSY,115.0,86.0,-29.0
2013,7,1,B6,RDU,99.0,86.0,-13.0
2013,6,20,9E,DTW,120.0,86.0,-34.0
2013,8,14,9E,CHS,58.0,86.0,28.0
2013,7,6,MQ,RDU,108.0,86.0,-22.0
2013,7,2,B6,SJU,67.0,86.0,19.0
2013,8,20,B6,PBI,85.0,86.0,1.0
2013,7,24,AA,LAX,88.0,86.0,-2.0
2013,8,5,B6,RSW,120.0,86.0,-34.0
2013,6,29,B6,ACK,-5.0,86.0,91.0
2013,6,30,DL,MIA,30.0,86.0,56.0
2013,8,9,9E,RDU,96.0,86.0,-10.0
2013,6,30,DL,DTW,8.0,86.0,78.0
2013,7,13,DL,ATL,62.0,86.0,24.0
2013,7,16,B6,ROC,109.0,86.0,-23.0
2013,7,18,B6,SJU,80.0,86.0,6.0
2013,7,20,MQ,CVG,92.0,86.0,-6.0
2013,7,11,B6,TPA,84.0,86.0,2.0
2013,6,5,MQ,DCA,89.0,86.0,-3.0
2013,8,12,UA,LAX,76.0,86.0,10.0
2013,7,10,AA,ORD,0.0,86.0,86.0
2013,6,27,B6,LGB,9.0,86.0,77.0
2013,7,7,B6,ABQ,33.0,86.0,53.0
2013,7,22,B6,TPA,81.0,86.0,5.0
2013,6,30,B6,SJU,101.0,86.0,-15.0
2013,6,8,DL,SAT,112.0,86.0,-26.0
2013,6,10,B6,PWM,82.0,86.0,4.0
2013,6,18,MQ,CMH,103.0,86.0,-17.0
2013,7,1,B6,BTV,69.0,85.0,16.0
2013,8,27,AA,SJU,72.0,85.0,13.0
2013,6,22,9E,CVG,106.0,85.0,-21.0
2013,7,29,B6,FLL,59.0,85.0,26.0
2013,6,10,B6,PDX,34.0,85.0,51.0
2013,7,18,9E,CHS,49.0,85.0,36.0
2013,6,17,UA,LAX,20.0,85.0,65.0
2013,6,30,MQ,CMH,90.0,85.0,-5.0
2013,6,27,B6,MCO,55.0,85.0,30.0
2013,7,21,B6,MCO,46.0,85.0,39.0
2013,7,26,MQ,DCA,72.0,85.0,13.0
2013,8,8,DL,SFO,45.0,85.0,40.0
2013,6,25,B6,MSY,62.0,85.0,23.0
2013,7,12,B6,ROC,94.0,85.0,-9.0
2013,7,24,MQ,BWI,98.0,85.0,-13.0
2013,7,21,B6,LAS,111.0,85.0,-26.0
2013,6,28,VX,SFO,94.0,85.0,-9.0
2013,6,28,MQ,PIT,6.0,85.0,79.0
2013,7,10,VX,SFO,85.0,85.0,0.0
2013,6,26,B6,SJU,67.0,85.0,18.0
2013,7,28,B6,BUF,11.0,85.0,74.0
2013,7,24,9E,MSY,114.0,85.0,-29.0
2013,7,17,9E,RDU,115.0,85.0,-30.0
2013,7,23,B6,MVY,96.0,85.0,-11.0
2013,6,14,B6,SJC,31.0,85.0,54.0
2013,6,13,AA,LAX,48.0,85.0,37.0
2013,7,31,B6,MSY,79.0,85.0,6.0
2013,7,1,AA,AUS,77.0,85.0,8.0
2013,6,29,9E,MSP,86.0,85.0,-1.0
2013,8,9,MQ,DCA,42.0,85.0,43.0
2013,6,10,9E,DCA,12.0,85.0,73.0
2013,7,2,AA,SAN,77.0,85.0,8.0
2013,7,28,B6,ORD,41.0,85.0,44.0
2013,7,9,DL,ATL,40.0,84.0,44.0
2013,6,30,B6,DEN,120.0,84.0,-36.0
2013,6,26,B6,BOS,32.0,84.0,52.0
2013,6,29,9E,ORD,86.0,84.0,-2.0
2013,8,13,B6,LGB,61.0,84.0,23.0
2013,7,12,MQ,DCA,77.0,84.0,7.0
2013,8,13,DL,LAS,74.0,84.0,10.0
2013,7,20,MQ,RDU,103.0,84.0,-19.0
2013,8,9,UA,SFO,78.0,84.0,6.0
2013,7,29,DL,SAN,86.0,84.0,-2.0
2013,8,9,B6,SEA,51.0,84.0,33.0
2013,7,9,DL,SFO,58.0,84.0,26.0
2013,7,25,DL,SEA,74.0,84.0,10.0
2013,7,7,DL,DEN,8.0,84.0,76.0
2013,6,13,AA,MIA,33.0,84.0,51.0
2013,6,24,B6,BUF,41.0,84.0,43.0
2013,8,1,DL,SJU,102.0,84.0,-18.0
2013,6,13,B6,SJU,73.0,84.0,11.0
2013,7,11,B6,MCO,70.0,84.0,14.0
2013,7,13,MQ,DCA,42.0,84.0,42.0
2013,6,18,AA,SJU,46.0,84.0,38.0
2013,6,27,B6,LAX,61.0,84.0,23.0
2013,6,23,B6,SJC,0.0,84.0,84.0
2013,6,25,B6,BOS,100.0,84.0,-16.0
2013,7,12,B6,SJU,47.0,84.0,37.0
2013,6,17,DL,DEN,37.0,84.0,47.0
2013,7,12,AA,SFO,78.0,84.0,6.0
2013,7,12,9E,BWI,48.0,84.0,36.0
2013,7,12,B6,MCO,51.0,84.0,33.0
2013,7,25,9E,MSP,77.0,84.0,7.0
2013,6,14,B6,LGB,-4.0,84.0,88.0
2013,6,25,B6,PWM,72.0,84.0,12.0
2013,7,22,DL,TPA,4.0,84.0,80.0
2013,7,23,9E,PIT,58.0,84.0,26.0
2013,8,12,UA,SFO,30.0,84.0,54.0
2013,8,10,B6,LGB,65.0,84.0,19.0
2013,8,4,B6,SEA,77.0,84.0,7.0
2013,7,8,B6,JAX,77.0,84.0,7.0
2013,6,10,B6,SYR,38.0,84.0,46.0
2013,6,2,DL,SEA,99.0,84.0,-15.0
2013,6,22,9E,DTW,123.0,83.0,-40.0
2013,8,4,9E,DCA,106.0,83.0,-23.0
2013,6,7,DL,SAT,38.0,83.0,45.0
2013,6,14,B6,BUR,-1.0,83.0,84.0
2013,6,9,B6,RSW,76.0,83.0,7.0
2013,8,2,US,PHX,66.0,83.0,17.0
2013,7,28,B6,LAX,10.0,83.0,73.0
2013,8,13,US,CLT,10.0,83.0,73.0
2013,7,7,HA,HNL,88.0,83.0,-5.0
2013,6,25,B6,JAX,86.0,83.0,-3.0
2013,7,7,B6,PWM,-3.0,83.0,86.0
2013,6,28,B6,LAX,94.0,83.0,-11.0
2013,6,26,B6,RSW,45.0,83.0,38.0
2013,6,27,B6,BUF,21.0,83.0,62.0
2013,6,15,UA,SFO,42.0,83.0,41.0
2013,7,9,B6,ORD,84.0,83.0,-1.0
2013,6,29,B6,RSW,66.0,83.0,17.0
2013,6,19,AA,LAS,84.0,83.0,-1.0
2013,6,7,B6,SYR,51.0,83.0,32.0
2013,7,2,B6,ROC,92.0,83.0,-9.0
2013,7,2,B6,SJU,63.0,83.0,20.0
2013,7,2,9E,MSP,62.0,83.0,21.0
2013,6,8,9E,ORF,105.0,83.0,-22.0
2013,7,20,B6,SJU,43.0,83.0,40.0
2013,7,1,9E,CLE,62.0,83.0,21.0
2013,7,22,B6,SYR,11.0,83.0,72.0
2013,6,3,9E,BOS,98.0,83.0,-15.0
2013,7,10,9E,DTW,15.0,83.0,68.0
2013,8,14,B6,PHX,39.0,83.0,44.0
2013,6,14,DL,LAX,1.0,83.0,82.0
2013,7,28,9E,DTW,16.0,83.0,67.0
2013,6,13,B6,LAX,-1.0,83.0,84.0
2013,8,14,B6,LGB,27.0,83.0,56.0
2013,6,7,B6,SJC,53.0,83.0,30.0
2013,7,28,B6,IAD,11.0,83.0,72.0
2013,7,15,9E,DTW,118.0,82.0,-36.0
2013,6,23,B6,BOS,31.0,82.0,51.0
2013,8,13,9E,MSY,21.0,82.0,61.0
2013,7,28,B6,BOS,84.0,82.0,-2.0
2013,6,25,DL,ATL,113.0,82.0,-31.0
2013,7,1,9E,DCA,89.0,82.0,-7.0
2013,7,21,DL,MCO,99.0,82.0,-17.0
2013,6,28,AA,SFO,78.0,82.0,4.0
2013,7,9,9E,BOS,104.0,82.0,-22.0
2013,7,7,B6,BUF,13.0,82.0,69.0
2013,6,29,B6,JAX,70.0,82.0,12.0
2013,6,14,B6,LAS,0.0,82.0,82.0
2013,6,28,B6,MCO,80.0,82.0,2.0
2013,7,8,DL,SJU,109.0,82.0,-27.0
2013,8,9,B6,MCO,67.0,82.0,15.0
2013,7,7,9E,CHS,28.0,82.0,54.0
2013,7,22,B6,BOS,56.0,82.0,26.0
2013,7,5,B6,MCO,63.0,82.0,19.0
2013,7,12,VX,SFO,117.0,82.0,-35.0
2013,6,18,AA,SFO,34.0,82.0,48.0
2013,7,2,B6,PWM,57.0,82.0,25.0
2013,8,15,B6,SJU,79.0,82.0,3.0
2013,8,9,UA,LAX,66.0,82.0,16.0
2013,7,6,MQ,BWI,96.0,82.0,-14.0
2013,7,30,EV,IAD,81.0,82.0,1.0
2013,6,17,UA,SFO,3.0,82.0,79.0
2013,8,28,EV,IAD,31.0,82.0,51.0
2013,7,21,DL,LAX,50.0,82.0,32.0
2013,7,3,9E,PHL,84.0,82.0,-2.0
2013,7,9,MQ,DCA,98.0,82.0,-16.0
2013,6,7,B6,RDU,88.0,82.0,-6.0
2013,6,10,B6,BOS,82.0,82.0,0.0
2013,6,13,DL,SAT,69.0,82.0,13.0
2013,6,17,9E,PHL,30.0,82.0,52.0
2013,6,17,9E,DTW,33.0,82.0,49.0
2013,7,20,B6,SJU,82.0,82.0,0.0
2013,7,16,B6,CLT,54.0,82.0,28.0
2013,8,22,DL,SEA,0.0,82.0,82.0
2013,7,27,DL,PDX,75.0,82.0,7.0
2013,8,11,B6,PWM,31.0,82.0,51.0
2013,6,7,DL,LAX,29.0,82.0,53.0
2013,7,10,B6,MCO,39.0,82.0,43.0
2013,6,14,B6,SJU,28.0,81.0,53.0
2013,7,25,DL,SFO,68.0,81.0,13.0
2013,6,21,B6,ORD,82.0,81.0,-1.0
2013,8,22,DL,ATL,76.0,81.0,5.0
2013,8,8,DL,LAS,67.0,81.0,14.0
2013,7,14,B6,FLL,97.0,81.0,-16.0
2013,8,22,VX,LAS,54.0,81.0,27.0
2013,8,27,B6,TPA,83.0,81.0,-2.0
2013,6,26,MQ,DCA,42.0,81.0,39.0
2013,8,15,UA,SFO,84.0,81.0,-3.0
2013,8,5,DL,ATL,108.0,81.0,-27.0
2013,6,30,B6,FLL,99.0,81.0,-18.0
2013,7,9,DL,SAN,26.0,81.0,55.0
2013,6,27,US,PHX,-1.0,81.0,82.0
2013,7,12,DL,ATL,54.0,81.0,27.0
2013,6,29,MQ,DCA,62.0,81.0,19.0
2013,7,10,DL,ATL,75.0,81.0,6.0
2013,8,28,B6,BUF,77.0,81.0,4.0
2013,6,10,AA,LAX,64.0,81.0,17.0
2013,6,10,MQ,DCA,66.0,81.0,15.0
2013,6,10,B6,JAX,43.0,81.0,38.0
2013,7,7,B6,SJU,61.0,81.0,20.0
2013,6,7,B6,DEN,45.0,81.0,36.0
2013,7,23,9E,CVG,50.0,81.0,31.0
2013,6,24,B6,PHX,75.0,81.0,6.0
2013,6,28,9E,CHS,103.0,81.0,-22.0
2013,6,29,B6,ACK,73.0,81.0,8.0
2013,8,2,DL,LAX,77.0,81.0,4.0
2013,6,3,9E,ORD,121.0,81.0,-40.0
2013,6,2,B6,FLL,92.0,81.0,-11.0
2013,6,2,B6,BOS,88.0,81.0,-7.0
2013,7,18,9E,PHL,94.0,81.0,-13.0
2013,8,22,DL,MCO,110.0,81.0,-29.0
2013,6,25,B6,JAX,86.0,81.0,-5.0
2013,8,20,B6,TPA,84.0,81.0,-3.0
2013,7,13,9E,RIC,87.0,81.0,-6.0
2013,8,17,B6,LAX,113.0,81.0,-32.0
2013,7,2,AA,AUS,55.0,81.0,26.0
2013,6,22,B6,LAS,112.0,81.0,-31.0
2013,6,30,UA,LAX,19.0,81.0,62.0
2013,6,14,MQ,CLE,20.0,81.0,61.0
2013,7,28,DL,PDX,106.0,81.0,-25.0
2013,7,7,B6,BUF,-4.0,81.0,85.0
2013,7,9,DL,MIA,13.0,80.0,67.0
2013,6,14,AA,SEA,1.0,80.0,79.0
2013,8,14,B6,MCO,60.0,80.0,20.0
2013,7,6,DL,ATL,12.0,80.0,68.0
2013,6,17,VX,SFO,26.0,80.0,54.0
2013,8,8,B6,SJU,92.0,80.0,-12.0
2013,7,31,B6,PSE,93.0,80.0,-13.0
2013,7,21,MQ,RDU,63.0,80.0,17.0
2013,8,10,AA,SEA,82.0,80.0,-2.0
2013,6,26,UA,SFO,78.0,80.0,2.0
2013,6,27,B6,BTV,68.0,80.0,12.0
2013,8,2,DL,LAX,56.0,80.0,24.0
2013,7,19,B6,SYR,69.0,80.0,11.0
2013,7,28,DL,LAX,18.0,80.0,62.0
2013,6,17,AA,ORD,84.0,80.0,-4.0
2013,8,14,DL,LAS,60.0,80.0,20.0
2013,8,9,B6,MCO,52.0,80.0,28.0
2013,6,14,DL,AUS,-2.0,80.0,82.0
2013,6,17,DL,LAS,30.0,80.0,50.0
2013,7,16,AA,LAS,90.0,80.0,-10.0
2013,6,26,B6,JAX,49.0,80.0,31.0
2013,7,2,DL,ATL,23.0,80.0,57.0
2013,7,19,MQ,CMH,72.0,80.0,8.0
2013,8,9,DL,SFO,55.0,80.0,25.0
2013,7,2,9E,PHL,94.0,80.0,-14.0
2013,7,8,B6,AUS,90.0,80.0,-10.0
2013,7,2,9E,ORD,59.0,80.0,21.0
2013,7,2,9E,PHL,27.0,80.0,53.0
2013,6,13,DL,PHX,27.0,80.0,53.0
2013,7,2,MQ,PIT,36.0,80.0,44.0
2013,8,6,9E,DCA,103.0,80.0,-23.0
2013,7,19,B6,LAS,100.0,80.0,-20.0
2013,8,9,AA,SFO,-1.0,80.0,81.0
2013,7,23,B6,SJC,50.0,80.0,30.0
2013,6,2,AA,LAX,104.0,80.0,-24.0
2013,8,13,B6,MCO,-5.0,80.0,85.0
2013,7,8,9E,IAD,83.0,80.0,-3.0
2013,6,29,B6,ROC,92.0,80.0,-12.0
2013,6,28,9E,DFW,78.0,80.0,2.0
2013,6,29,B6,ORD,69.0,80.0,11.0
2013,6,28,DL,ATL,113.0,80.0,-33.0
2013,7,23,AA,SJU,46.0,80.0,34.0
2013,6,23,B6,SJU,96.0,80.0,-16.0
2013,7,28,B6,BUF,51.0,80.0,29.0
2013,7,21,9E,MKE,-1.0,79.0,80.0
2013,6,24,UA,SFO,66.0,79.0,13.0
2013,6,13,9E,CLE,84.0,79.0,-5.0
2013,8,7,B6,LAX,34.0,79.0,45.0
2013,8,8,AA,LAX,71.0,79.0,8.0
2013,6,30,B6,FLL,32.0,79.0,47.0
2013,7,24,AA,MIA,86.0,79.0,-7.0
2013,8,9,B6,MCO,89.0,79.0,-10.0
2013,8,18,B6,PBI,67.0,79.0,12.0
2013,8,4,B6,SAN,59.0,79.0,20.0
2013,6,26,B6,TPA,38.0,79.0,41.0
2013,7,8,9E,BNA,67.0,79.0,12.0
2013,8,4,B6,JAX,71.0,79.0,8.0
2013,6,7,DL,SEA,32.0,79.0,47.0
2013,7,23,B6,TPA,45.0,79.0,34.0
2013,7,1,B6,MSY,48.0,79.0,31.0
2013,7,2,AA,SFO,69.0,79.0,10.0
2013,7,3,B6,SYR,103.0,79.0,-24.0
2013,6,26,US,CLT,41.0,79.0,38.0
2013,7,2,B6,LAX,115.0,79.0,-36.0
2013,8,9,9E,DTW,13.0,79.0,66.0
2013,7,21,AA,LAS,57.0,79.0,22.0
2013,6,26,B6,AUS,54.0,79.0,25.0
2013,6,30,B6,ROC,71.0,79.0,8.0
2013,6,27,DL,MCO,54.0,79.0,25.0
2013,6,26,B6,BUR,76.0,79.0,3.0
2013,7,2,DL,MIA,42.0,79.0,37.0
2013,6,11,B6,FLL,105.0,79.0,-26.0
2013,6,27,UA,SFO,79.0,79.0,0.0
2013,6,28,9E,DTW,65.0,79.0,14.0
2013,6,27,B6,ACK,85.0,79.0,-6.0
2013,8,8,DL,SJU,73.0,79.0,6.0
2013,8,22,B6,SYR,-2.0,79.0,81.0
2013,6,28,AA,SEA,69.0,79.0,10.0
2013,7,12,9E,IAD,112.0,79.0,-33.0
2013,7,21,AA,BOS,95.0,79.0,-16.0
2013,6,8,9E,MSP,104.0,79.0,-25.0
2013,8,29,AA,SFO,67.0,79.0,12.0
2013,8,1,UA,SFO,54.0,79.0,25.0
2013,6,28,DL,BOS,94.0,79.0,-15.0
2013,6,18,DL,BOS,28.0,79.0,51.0
2013,8,22,B6,CHS,80.0,79.0,-1.0
2013,6,17,DL,MCO,97.0,79.0,-18.0
2013,7,28,B6,MCO,58.0,79.0,21.0
2013,7,28,B6,TPA,39.0,79.0,40.0
2013,7,7,9E,BNA,31.0,79.0,48.0
2013,8,31,MQ,CVG,26.0,79.0,53.0
2013,7,19,AA,SJU,86.0,78.0,-8.0
2013,8,8,B6,PWM,37.0,78.0,41.0
2013,6,23,9E,BUF,95.0,78.0,-17.0
2013,6,25,9E,PHL,83.0,78.0,-5.0
2013,7,26,DL,ATL,60.0,78.0,18.0
2013,8,9,B6,BUF,55.0,78.0,23.0
2013,6,27,AA,LAX,86.0,78.0,-8.0
2013,6,13,9E,DCA,87.0,78.0,-9.0
2013,6,14,B6,BOS,95.0,78.0,-17.0
2013,6,11,VX,SFO,80.0,78.0,-2.0
2013,7,2,B6,SAN,93.0,78.0,-15.0
2013,6,18,DL,LAX,51.0,78.0,27.0
2013,7,3,B6,MCO,82.0,78.0,-4.0
2013,7,8,DL,SFO,58.0,78.0,20.0
2013,8,4,B6,FLL,65.0,78.0,13.0
2013,6,27,B6,FLL,35.0,78.0,43.0
2013,8,22,9E,PHL,93.0,78.0,-15.0
2013,8,12,B6,SYR,79.0,78.0,-1.0
2013,7,20,9E,RDU,24.0,78.0,54.0
2013,8,29,B6,JAX,87.0,78.0,-9.0
2013,7,7,B6,ROC,66.0,78.0,12.0
2013,6,30,B6,SJU,88.0,78.0,-10.0
2013,7,23,B6,CLT,88.0,78.0,-10.0
2013,6,1,B6,MCO,105.0,78.0,-27.0
2013,6,10,9E,MSY,38.0,78.0,40.0
2013,6,10,DL,ATL,85.0,78.0,-7.0
2013,8,24,B6,MCO,103.0,78.0,-25.0
2013,8,22,MQ,CLE,73.0,78.0,5.0
2013,8,14,B6,SJU,38.0,78.0,40.0
2013,7,9,9E,PHL,122.0,78.0,-44.0
2013,6,7,B6,SAN,85.0,78.0,-7.0
2013,7,17,9E,PIT,35.0,78.0,43.0
2013,7,16,9E,DTW,118.0,78.0,-40.0
2013,8,29,US,PHX,106.0,78.0,-28.0
2013,8,8,UA,SFO,11.0,78.0,67.0
2013,6,13,VX,LAX,1.0,78.0,77.0
2013,8,8,9E,MKE,74.0,78.0,4.0
2013,7,28,B6,CLT,-3.0,78.0,81.0
2013,6,30,MQ,DCA,9.0,78.0,69.0
2013,8,20,DL,PDX,123.0,78.0,-45.0
2013,7,23,9E,PIT,-2.0,78.0,80.0
2013,7,7,B6,LGB,-1.0,78.0,79.0
2013,7,2,DL,SAT,23.0,78.0,55.0
2013,7,8,B6,SFO,105.0,78.0,-27.0
2013,7,2,B6,MSY,87.0,78.0,-9.0
2013,6,15,UA,SFO,32.0,78.0,46.0
2013,7,2,DL,ATL,56.0,78.0,22.0
2013,8,28,DL,MIA,68.0,78.0,10.0
2013,6,10,B6,MVY,79.0,78.0,-1.0
2013,7,1,9E,ORD,107.0,78.0,-29.0
2013,7,28,DL,PDX,13.0,78.0,65.0
2013,7,3,B6,RSW,72.0,77.0,5.0
2013,6,23,MQ,DCA,69.0,77.0,8.0
2013,8,11,B6,MSY,72.0,77.0,5.0
2013,7,23,AA,SFO,51.0,77.0,26.0
2013,7,10,B6,ACK,86.0,77.0,-9.0
2013,7,12,9E,PHL,84.0,77.0,-7.0
2013,7,8,B6,SEA,55.0,77.0,22.0
2013,7,1,DL,SEA,-7.0,77.0,84.0
2013,8,9,B6,BUF,77.0,77.0,0.0
2013,6,14,9E,MSP,12.0,77.0,65.0
2013,8,3,DL,DEN,46.0,77.0,31.0
2013,6,8,B6,RSW,60.0,77.0,17.0
2013,7,3,B6,FLL,72.0,77.0,5.0
2013,8,11,B6,SFO,65.0,77.0,12.0
2013,7,28,9E,CLT,6.0,77.0,71.0
2013,7,16,B6,ORD,84.0,77.0,-7.0
2013,7,21,DL,MIA,24.0,77.0,53.0
2013,6,23,B6,SJU,11.0,77.0,66.0
2013,7,23,B6,SJU,63.0,77.0,14.0
2013,6,24,DL,MIA,85.0,77.0,-8.0
2013,7,9,B6,SEA,13.0,77.0,64.0
2013,7,22,DL,LAX,5.0,77.0,72.0
2013,8,6,B6,LAS,87.0,77.0,-10.0
2013,8,5,B6,SJU,72.0,77.0,5.0
2013,6,27,B6,PBI,71.0,77.0,6.0
2013,7,2,AA,BOS,40.0,77.0,37.0
2013,7,2,B6,SLC,64.0,77.0,13.0
2013,8,8,DL,SLC,67.0,77.0,10.0
2013,6,11,US,PHX,113.0,77.0,-36.0
2013,8,9,AA,MIA,41.0,77.0,36.0
2013,6,7,US,PHX,62.0,77.0,15.0
2013,8,9,DL,SAN,11.0,77.0,66.0
2013,7,16,B6,MCO,101.0,77.0,-24.0
2013,8,1,B6,ROC,101.0,77.0,-24.0
2013,7,8,B6,ORD,103.0,77.0,-26.0
2013,7,22,B6,FLL,48.0,77.0,29.0
2013,6,30,B6,PHX,49.0,77.0,28.0
2013,6,26,AA,LAX,54.0,77.0,23.0
2013,7,2,DL,MIA,43.0,77.0,34.0
2013,8,6,B6,LAX,56.0,77.0,21.0
2013,6,3,9E,CLE,94.0,76.0,-18.0
2013,7,3,DL,ATL,61.0,76.0,15.0
2013,7,24,B6,MCO,80.0,76.0,-4.0
2013,8,8,B6,ABQ,48.0,76.0,28.0
2013,6,17,9E,ORD,59.0,76.0,17.0
2013,6,25,UA,SFO,60.0,76.0,16.0
2013,8,31,B6,BUF,50.0,76.0,26.0
2013,7,28,B6,BUF,27.0,76.0,49.0
2013,8,3,B6,SYR,107.0,76.0,-31.0
2013,6,30,DL,PDX,15.0,76.0,61.0
2013,6,13,B6,ROC,80.0,76.0,-4.0
2013,6,18,MQ,BNA,78.0,76.0,-2.0
2013,8,22,B6,IAD,62.0,76.0,14.0
2013,6,22,9E,DTW,-2.0,76.0,78.0
2013,6,24,AA,ORD,95.0,76.0,-19.0
2013,6,17,B6,PWM,-4.0,76.0,80.0
2013,7,9,AA,LAS,69.0,76.0,7.0
2013,6,28,B6,MSY,41.0,76.0,35.0
2013,7,21,MQ,CMH,89.0,76.0,-13.0
2013,7,12,9E,MSY,46.0,76.0,30.0
2013,7,28,AA,SFO,22.0,76.0,54.0
2013,7,22,DL,SEA,-6.0,76.0,82.0
2013,6,17,B6,ROC,83.0,76.0,-7.0
2013,8,9,B6,LGB,37.0,76.0,39.0
2013,7,20,EV,IAD,89.0,76.0,-13.0
2013,6,14,MQ,DCA,83.0,76.0,-7.0
2013,8,1,DL,ATL,98.0,76.0,-22.0
2013,7,12,9E,DFW,60.0,76.0,16.0
2013,6,7,MQ,RDU,54.0,76.0,22.0
2013,7,11,B6,ROC,84.0,76.0,-8.0
2013,6,24,B6,ORD,56.0,76.0,20.0
2013,6,16,B6,SJC,62.0,76.0,14.0
2013,6,30,B6,BTV,69.0,76.0,7.0
2013,8,1,9E,SDF,99.0,76.0,-23.0
2013,8,15,B6,RSW,86.0,76.0,-10.0
2013,7,28,AA,AUS,1.0,76.0,75.0
2013,7,28,B6,RDU,-3.0,76.0,79.0
2013,7,7,B6,SJU,6.0,76.0,70.0
2013,8,9,AA,LAX,25.0,76.0,51.0
2013,6,7,VX,SFO,77.0,76.0,-1.0
2013,8,8,MQ,RDU,85.0,76.0,-9.0
2013,8,18,B6,SJU,18.0,76.0,58.0
2013,6,9,DL,ATL,65.0,76.0,11.0
2013,7,30,B6,MSY,81.0,76.0,-5.0
2013,6,29,9E,JAX,84.0,76.0,-8.0
2013,6,27,B6,PBI,37.0,76.0,39.0
2013,6,21,9E,MSY,120.0,76.0,-44.0
2013,7,26,B6,LAX,74.0,76.0,2.0
2013,7,7,AA,LAS,39.0,76.0,37.0
2013,6,25,AA,MIA,71.0,75.0,4.0
2013,7,3,B6,BUF,62.0,75.0,13.0
2013,7,10,B6,BUF,13.0,75.0,62.0
2013,7,11,B6,TPA,79.0,75.0,-4.0
2013,6,17,9E,BOS,30.0,75.0,45.0
2013,7,5,B6,BOS,78.0,75.0,-3.0
2013,8,14,B6,SJC,14.0,75.0,61.0
2013,6,28,B6,SLC,42.0,75.0,33.0
2013,8,29,DL,SFO,141.0,75.0,-66.0
2013,7,30,9E,BUF,83.0,75.0,-8.0
2013,6,29,DL,PHX,63.0,75.0,12.0
2013,7,7,B6,PHX,-2.0,75.0,77.0
2013,8,4,VX,SFO,54.0,75.0,21.0
2013,8,25,B6,MCO,123.0,75.0,-48.0
2013,6,28,B6,TPA,70.0,75.0,5.0
2013,7,19,9E,PHL,95.0,75.0,-20.0
2013,6,26,AA,ORD,85.0,75.0,-10.0
2013,7,28,B6,PBI,-2.0,75.0,77.0
2013,8,29,B6,ROC,87.0,75.0,-12.0
2013,6,25,MQ,CVG,50.0,75.0,25.0
2013,6,7,B6,BOS,27.0,75.0,48.0
2013,7,8,B6,PBI,86.0,75.0,-11.0
2013,8,8,DL,SJU,14.0,75.0,61.0
2013,8,5,B6,LAS,70.0,75.0,5.0
2013,7,28,DL,SAN,1.0,75.0,74.0
2013,7,13,B6,PDX,78.0,75.0,-3.0
2013,7,8,DL,AUS,55.0,75.0,20.0
2013,8,10,B6,BOS,79.0,75.0,-4.0
2013,7,1,B6,FLL,22.0,75.0,53.0
2013,6,28,B6,SAN,90.0,75.0,-15.0
2013,6,2,MQ,BWI,39.0,75.0,36.0
2013,7,22,AA,SFO,10.0,75.0,65.0
2013,8,8,B6,PSE,91.0,75.0,-16.0
2013,6,30,MQ,PIT,-7.0,75.0,82.0
2013,7,7,B6,BUF,74.0,75.0,1.0
2013,7,2,B6,TPA,76.0,75.0,-1.0
2013,6,25,AA,LAX,72.0,75.0,3.0
2013,8,1,B6,SFO,82.0,75.0,-7.0
2013,6,30,9E,CLE,0.0,75.0,75.0
2013,6,17,B6,RDU,7.0,75.0,68.0
2013,6,29,B6,HOU,89.0,75.0,-14.0
2013,7,12,AA,BOS,50.0,75.0,25.0
2013,7,22,B6,FLL,9.0,75.0,66.0
2013,6,10,9E,DFW,61.0,75.0,14.0
2013,6,28,9E,MKE,0.0,75.0,75.0
2013,6,13,B6,PHX,22.0,75.0,53.0
2013,7,20,9E,MSP,48.0,75.0,27.0
2013,7,22,DL,FLL,63.0,75.0,12.0
2013,7,1,9E,DCA,78.0,75.0,-3.0
2013,8,9,MQ,CMH,72.0,75.0,3.0
2013,7,1,B6,ACK,53.0,75.0,22.0
2013,7,28,B6,LAX,4.0,75.0,71.0
2013,8,3,B6,BOS,80.0,74.0,-6.0
2013,6,28,B6,SJU,86.0,74.0,-12.0
2013,6,4,B6,FLL,78.0,74.0,-4.0
2013,6,30,DL,SLC,56.0,74.0,18.0
2013,8,5,B6,SMF,96.0,74.0,-22.0
2013,6,13,DL,AUS,18.0,74.0,56.0
2013,8,22,B6,PSE,79.0,74.0,-5.0
2013,7,19,B6,RSW,86.0,74.0,-12.0
2013,8,6,B6,LAX,62.0,74.0,12.0
2013,7,26,AA,LAS,104.0,74.0,-30.0
2013,8,7,B6,SJU,83.0,74.0,-9.0
2013,6,23,9E,PHL,-5.0,74.0,79.0
2013,7,24,DL,DTW,-3.0,74.0,77.0
2013,8,23,AA,LAS,115.0,74.0,-41.0
2013,8,9,9E,ORD,64.0,74.0,10.0
2013,6,30,9E,BUF,-1.0,74.0,75.0
2013,7,7,B6,SAN,-8.0,74.0,82.0
2013,8,30,B6,TPA,73.0,74.0,1.0
2013,8,16,B6,BUF,65.0,74.0,9.0
2013,6,13,9E,IAD,64.0,74.0,10.0
2013,8,29,B6,BUF,82.0,74.0,-8.0
2013,6,17,B6,OAK,-2.0,74.0,76.0
2013,7,9,B6,PBI,5.0,74.0,69.0
2013,6,14,AA,SFO,77.0,74.0,-3.0
2013,6,13,DL,DEN,53.0,74.0,21.0
2013,7,13,MQ,CMH,48.0,74.0,26.0
2013,6,11,MQ,CMH,86.0,74.0,-12.0
2013,7,9,B6,BUF,33.0,74.0,41.0
2013,6,23,DL,LAS,112.0,74.0,-38.0
2013,6,26,UA,SFO,67.0,74.0,7.0
2013,6,24,B6,BUF,90.0,74.0,-16.0
2013,6,14,MQ,DCA,67.0,74.0,7.0
2013,7,2,B6,RSW,38.0,74.0,36.0
2013,7,6,9E,DCA,91.0,74.0,-17.0
2013,7,22,B6,SFO,15.0,74.0,59.0
2013,7,8,VX,SFO,97.0,74.0,-23.0
2013,6,29,9E,MCI,69.0,74.0,5.0
2013,8,20,9E,CVG,76.0,74.0,-2.0
2013,6,13,B6,IAD,2.0,74.0,72.0
2013,8,28,9E,CVG,93.0,74.0,-19.0
2013,7,7,B6,LAS,9.0,73.0,64.0
2013,8,8,DL,LAX,23.0,73.0,50.0
2013,8,2,MQ,CMH,58.0,73.0,15.0
2013,6,2,AA,BOS,73.0,73.0,0.0
2013,7,7,B6,ORD,61.0,73.0,12.0
2013,7,7,AA,SEA,6.0,73.0,67.0
2013,6,18,B6,SLC,81.0,73.0,-8.0
2013,8,22,B6,DEN,101.0,73.0,-28.0
2013,7,2,B6,FLL,62.0,73.0,11.0
2013,6,7,B6,BOS,44.0,73.0,29.0
2013,7,1,B6,TPA,40.0,73.0,33.0
2013,7,2,B6,PWM,87.0,73.0,-14.0
2013,8,8,B6,LAX,27.0,73.0,46.0
2013,8,18,9E,PIT,98.0,73.0,-25.0
2013,8,30,9E,ORD,65.0,73.0,8.0
2013,8,31,AA,DFW,98.0,73.0,-25.0
2013,7,12,AA,SFO,85.0,73.0,-12.0
2013,7,18,AA,MIA,76.0,73.0,-3.0
2013,8,28,B6,BOS,42.0,73.0,31.0
2013,6,22,9E,MSP,89.0,73.0,-16.0
2013,6,13,B6,MCO,23.0,73.0,50.0
2013,6,4,DL,DEN,84.0,73.0,-11.0
2013,7,31,AA,LAX,74.0,73.0,-1.0
2013,7,10,DL,MIA,7.0,73.0,66.0
2013,8,17,B6,MCO,60.0,73.0,13.0
2013,6,4,MQ,DCA,103.0,73.0,-30.0
2013,6,10,EV,IAD,72.0,73.0,1.0
2013,6,11,DL,LAX,40.0,73.0,33.0
2013,8,2,9E,MCI,82.0,73.0,-9.0
2013,7,10,B6,BTV,0.0,73.0,73.0
2013,8,2,B6,PDX,60.0,73.0,13.0
2013,7,20,9E,DCA,114.0,73.0,-41.0
2013,6,13,B6,FLL,52.0,73.0,21.0
2013,8,2,B6,ORD,13.0,73.0,60.0
2013,8,28,B6,SYR,67.0,73.0,6.0
2013,6,23,B6,PHX,13.0,73.0,60.0
2013,6,24,AA,LAX,116.0,73.0,-43.0
2013,8,9,DL,SFO,36.0,73.0,37.0
2013,8,23,AA,SFO,77.0,73.0,-4.0
2013,6,28,DL,LAX,80.0,73.0,-7.0
2013,8,15,B6,MCO,94.0,73.0,-21.0
2013,6,25,9E,ORD,90.0,73.0,-17.0
2013,6,17,MQ,DCA,78.0,73.0,-5.0
2013,8,2,B6,MCO,78.0,73.0,-5.0
2013,7,28,AA,LAX,10.0,73.0,63.0
2013,6,21,9E,BOS,102.0,73.0,-29.0
2013,7,4,DL,LAS,74.0,72.0,-2.0
2013,7,12,B6,SYR,82.0,72.0,-10.0
2013,7,3,9E,DTW,73.0,72.0,-1.0
2013,6,13,UA,LAX,40.0,72.0,32.0
2013,7,7,UA,SFO,88.0,72.0,-16.0
2013,6,18,DL,LAS,36.0,72.0,36.0
2013,6,17,B6,RDU,67.0,72.0,5.0
2013,8,28,AA,LAX,83.0,72.0,-11.0
2013,7,4,MQ,BNA,70.0,72.0,2.0
2013,7,3,MQ,RDU,52.0,72.0,20.0
2013,8,9,AA,SJU,65.0,72.0,7.0
2013,7,13,DL,ATL,51.0,72.0,21.0
2013,8,26,B6,SJU,17.0,72.0,55.0
2013,6,8,MQ,CVG,74.0,72.0,-2.0
2013,8,1,B6,SEA,79.0,72.0,-7.0
2013,8,14,9E,CVG,107.0,72.0,-35.0
2013,6,18,9E,BWI,50.0,72.0,22.0
2013,6,10,B6,BOS,52.0,72.0,20.0
2013,6,19,MQ,CMH,76.0,72.0,-4.0
2013,6,25,AA,ORD,85.0,72.0,-13.0
2013,6,14,MQ,CVG,12.0,72.0,60.0
2013,7,12,AA,LAS,87.0,72.0,-15.0
2013,6,4,9E,DTW,101.0,72.0,-29.0
2013,7,5,UA,SFO,51.0,72.0,21.0
2013,8,8,DL,LAS,15.0,72.0,57.0
2013,8,8,B6,BOS,83.0,72.0,-11.0
2013,6,28,DL,BOS,70.0,72.0,2.0
2013,8,5,B6,LAX,60.0,72.0,12.0
2013,8,10,B6,JAX,74.0,72.0,-2.0
2013,7,20,DL,SFO,14.0,72.0,58.0
2013,6,10,MQ,CMH,79.0,72.0,-7.0
2013,6,17,DL,PDX,88.0,72.0,-16.0
2013,8,13,B6,SJU,94.0,72.0,-22.0
2013,6,27,AA,SFO,79.0,72.0,-7.0
2013,6,28,B6,BUF,19.0,72.0,53.0
2013,7,28,B6,HOU,-6.0,72.0,78.0
2013,7,2,B6,TPA,24.0,72.0,48.0
2013,7,21,9E,RDU,97.0,72.0,-25.0
2013,6,24,B6,LAX,59.0,72.0,13.0
2013,6,13,B6,ORD,54.0,72.0,18.0
2013,6,23,DL,FLL,92.0,72.0,-20.0
2013,6,30,9E,DFW,11.0,72.0,61.0
2013,7,25,9E,BOS,78.0,72.0,-6.0
2013,7,26,MQ,DCA,68.0,72.0,4.0
2013,8,11,9E,CVG,38.0,72.0,34.0
2013,8,8,DL,MIA,45.0,71.0,26.0
2013,8,3,B6,TPA,50.0,71.0,21.0
2013,6,10,AA,LAS,65.0,71.0,6.0
2013,8,8,MQ,CVG,10.0,71.0,61.0
2013,6,19,DL,LAX,70.0,71.0,1.0
2013,8,11,MQ,CMH,19.0,71.0,52.0
2013,8,8,DL,SFO,-5.0,71.0,76.0
2013,8,28,9E,IND,105.0,71.0,-34.0
2013,8,2,B6,LAS,79.0,71.0,-8.0
2013,8,9,DL,SLC,17.0,71.0,54.0
2013,8,7,B6,LAX,13.0,71.0,58.0
2013,8,22,9E,DCA,85.0,71.0,-14.0
2013,6,28,DL,SEA,62.0,71.0,9.0
2013,8,13,B6,IAD,85.0,71.0,-14.0
2013,7,7,DL,ATL,72.0,71.0,-1.0
2013,8,7,9E,DCA,0.0,71.0,71.0
2013,7,8,B6,TPA,88.0,71.0,-17.0
2013,6,2,B6,PHX,65.0,71.0,6.0
2013,6,2,B6,FLL,79.0,71.0,-8.0
2013,6,13,B6,SLC,24.0,71.0,47.0
2013,6,7,B6,AUS,67.0,71.0,4.0
2013,8,1,B6,PWM,100.0,71.0,-29.0
2013,7,21,MQ,DCA,70.0,71.0,1.0
2013,7,12,AA,SFO,80.0,71.0,-9.0
2013,6,13,B6,TPA,53.0,71.0,18.0
2013,6,29,B6,SJU,86.0,71.0,-15.0
2013,7,23,DL,BOS,0.0,71.0,71.0
2013,6,27,AA,SFO,47.0,71.0,24.0
2013,6,18,DL,DEN,93.0,71.0,-22.0
2013,8,1,B6,BTV,73.0,71.0,-2.0
2013,7,23,B6,HOU,80.0,71.0,-9.0
2013,6,3,9E,IND,48.0,71.0,23.0
2013,6,14,EV,IAD,63.0,71.0,8.0
2013,8,22,B6,BOS,57.0,71.0,14.0
2013,8,3,B6,TPA,87.0,71.0,-16.0
2013,6,4,MQ,BNA,67.0,71.0,4.0
2013,7,25,9E,BNA,63.0,71.0,8.0
2013,7,20,VX,SFO,8.0,71.0,63.0
2013,6,8,B6,PHX,65.0,71.0,6.0
2013,8,13,MQ,RDU,9.0,71.0,62.0
2013,8,9,DL,SAT,105.0,71.0,-34.0
2013,8,15,B6,PBI,63.0,71.0,8.0
2013,6,28,DL,SFO,51.0,71.0,20.0
2013,6,24,UA,SFO,15.0,71.0,56.0
2013,6,21,B6,ROC,71.0,71.0,0.0
2013,7,25,AA,BOS,74.0,71.0,-3.0
2013,7,25,9E,CHS,63.0,71.0,8.0
2013,6,11,9E,DCA,73.0,71.0,-2.0
2013,7,4,B6,PSE,60.0,71.0,11.0
2013,7,22,MQ,RDU,43.0,71.0,28.0
2013,6,27,B6,DEN,4.0,71.0,67.0
2013,6,17,AA,LAX,37.0,71.0,34.0
2013,6,28,UA,SFO,52.0,71.0,19.0
2013,8,8,B6,SFO,46.0,71.0,25.0
2013,7,7,AA,DFW,11.0,71.0,60.0
2013,6,3,DL,AUS,40.0,71.0,31.0
2013,7,7,DL,MIA,35.0,71.0,36.0
2013,8,2,B6,SJU,54.0,70.0,16.0
2013,8,31,AA,LAS,93.0,70.0,-23.0
2013,7,2,9E,RIC,64.0,70.0,6.0
2013,7,19,B6,FLL,66.0,70.0,4.0
2013,7,8,B6,MCO,84.0,70.0,-14.0
2013,7,26,UA,SFO,65.0,70.0,5.0
2013,8,14,9E,JAX,28.0,70.0,42.0
2013,7,7,DL,PHX,20.0,70.0,50.0
2013,7,14,MQ,ORF,93.0,70.0,-23.0
2013,6,13,9E,MSP,80.0,70.0,-10.0
2013,7,21,B6,SLC,56.0,70.0,14.0
2013,6,11,9E,BWI,71.0,70.0,-1.0
2013,8,9,B6,SFO,75.0,70.0,-5.0
2013,8,12,9E,CHS,84.0,70.0,-14.0
2013,6,21,B6,SAN,86.0,70.0,-16.0
2013,8,22,MQ,RDU,36.0,70.0,34.0
2013,6,18,DL,ATL,89.0,70.0,-19.0
2013,6,27,9E,BUF,91.0,70.0,-21.0
2013,8,9,B6,ROC,73.0,70.0,-3.0
2013,6,23,AA,SFO,69.0,70.0,1.0
2013,6,23,DL,SFO,77.0,70.0,-7.0
2013,6,17,DL,SAN,5.0,70.0,65.0
2013,8,4,UA,SFO,43.0,70.0,27.0
2013,7,28,DL,LAX,8.0,70.0,62.0
2013,8,9,MQ,ORF,30.0,70.0,40.0
2013,8,9,B6,BOS,58.0,70.0,12.0
2013,8,22,9E,DFW,103.0,70.0,-33.0
2013,6,25,9E,DFW,81.0,70.0,-11.0
2013,8,29,B6,SRQ,73.0,70.0,-3.0
2013,7,17,B6,BUF,52.0,70.0,18.0
2013,6,18,9E,DFW,46.0,70.0,24.0
2013,7,13,B6,MCO,33.0,70.0,37.0
2013,8,1,B6,BOS,79.0,70.0,-9.0
2013,6,28,DL,BOS,91.0,70.0,-21.0
2013,6,3,MQ,CVG,41.0,70.0,29.0
2013,6,17,VX,LAX,-1.0,70.0,71.0
2013,7,20,B6,PHX,-2.0,70.0,72.0
2013,8,28,MQ,DCA,61.0,70.0,9.0
2013,8,16,9E,MSY,56.0,70.0,14.0
2013,8,25,B6,MCO,78.0,70.0,-8.0
2013,6,17,EV,IAD,75.0,70.0,-5.0
2013,7,23,DL,SLC,28.0,70.0,42.0
2013,8,4,9E,DTW,69.0,70.0,1.0
2013,8,8,9E,CVG,35.0,70.0,35.0
2013,6,17,9E,MSP,67.0,70.0,3.0
2013,7,8,DL,TPA,96.0,69.0,-27.0
2013,8,13,MQ,DCA,63.0,69.0,6.0
2013,7,11,B6,LAX,89.0,69.0,-20.0
2013,7,1,DL,BOS,95.0,69.0,-26.0
2013,8,22,B6,MCO,98.0,69.0,-29.0
2013,8,22,B6,SFO,100.0,69.0,-31.0
2013,7,3,B6,ROC,60.0,69.0,9.0
2013,6,26,B6,PSE,47.0,69.0,22.0
2013,8,7,B6,SJC,26.0,69.0,43.0
2013,7,6,DL,ATL,10.0,69.0,59.0
2013,8,22,VX,SFO,-3.0,69.0,72.0
2013,7,28,DL,MCO,0.0,69.0,69.0
2013,6,25,B6,SYR,72.0,69.0,-3.0
2013,8,13,B6,LAS,54.0,69.0,15.0
2013,8,2,DL,SEA,44.0,69.0,25.0
2013,7,23,DL,DEN,11.0,69.0,58.0
2013,8,13,MQ,DCA,68.0,69.0,1.0
2013,7,8,UA,SFO,52.0,69.0,17.0
2013,7,25,B6,PDX,36.0,69.0,33.0
2013,6,25,9E,BNA,45.0,69.0,24.0
2013,7,1,DL,MCO,49.0,69.0,20.0
2013,6,3,AA,MCO,20.0,69.0,49.0
2013,7,10,B6,BOS,17.0,69.0,52.0
2013,7,17,B6,OAK,101.0,69.0,-32.0
2013,7,28,B6,PWM,33.0,69.0,36.0
2013,6,14,UA,SFO,-2.0,69.0,71.0
2013,6,7,AA,LAX,72.0,69.0,-3.0
2013,8,10,B6,BTV,75.0,69.0,-6.0
2013,7,13,AA,BOS,55.0,69.0,14.0
2013,7,9,B6,JAX,90.0,69.0,-21.0
2013,6,13,9E,MSY,29.0,69.0,40.0
2013,7,23,UA,LAX,34.0,69.0,35.0
2013,7,22,DL,MCO,28.0,69.0,41.0
2013,6,26,DL,SJU,64.0,69.0,5.0
2013,7,10,B6,HOU,94.0,69.0,-25.0
2013,8,30,MQ,TPA,88.0,69.0,-19.0
2013,7,1,B6,SEA,18.0,69.0,51.0
2013,6,23,DL,TPA,0.0,69.0,69.0
2013,8,12,9E,MSP,71.0,69.0,-2.0
2013,7,29,9E,MSP,70.0,69.0,-1.0
2013,7,7,MQ,CMH,36.0,69.0,33.0
2013,7,8,MQ,DCA,71.0,69.0,-2.0
2013,7,2,MQ,CMH,15.0,69.0,54.0
2013,7,11,B6,MCO,82.0,69.0,-13.0
2013,8,1,UA,LAX,64.0,69.0,5.0
2013,7,10,DL,MCO,14.0,69.0,55.0
2013,7,14,B6,MCO,106.0,69.0,-37.0
2013,8,9,MQ,DCA,75.0,69.0,-6.0
2013,7,11,DL,ATL,48.0,69.0,21.0
2013,6,23,UA,LAX,2.0,69.0,67.0
2013,6,2,9E,CLE,78.0,69.0,-9.0
2013,7,13,9E,PHL,97.0,68.0,-29.0
2013,7,12,B6,FLL,44.0,68.0,24.0
2013,8,13,B6,BOS,77.0,68.0,-9.0
2013,6,25,AA,AUS,84.0,68.0,-16.0
2013,8,2,VX,LAS,66.0,68.0,2.0
2013,7,3,9E,DCA,103.0,68.0,-35.0
2013,6,14,DL,FLL,28.0,68.0,40.0
2013,7,23,B6,OAK,16.0,68.0,52.0
2013,6,30,B6,SJC,70.0,68.0,-2.0
2013,6,14,9E,BNA,5.0,68.0,63.0
2013,7,20,VX,LAX,3.0,68.0,65.0
2013,6,30,B6,BOS,81.0,68.0,-13.0
2013,7,2,AA,MIA,31.0,68.0,37.0
2013,6,2,9E,BWI,79.0,68.0,-11.0
2013,7,20,EV,IAD,70.0,68.0,-2.0
2013,7,22,B6,SAN,0.0,68.0,68.0
2013,7,9,B6,SFO,33.0,68.0,35.0
2013,8,11,9E,MSP,56.0,68.0,12.0
2013,7,25,B6,SFO,27.0,68.0,41.0
2013,6,13,DL,FLL,49.0,68.0,19.0
2013,6,13,B6,PSE,20.0,68.0,48.0
2013,8,2,B6,PBI,64.0,68.0,4.0
2013,8,14,9E,CVG,0.0,68.0,68.0
2013,7,13,B6,MCO,50.0,68.0,18.0
2013,6,17,B6,RSW,39.0,68.0,29.0
2013,6,30,AA,AUS,80.0,68.0,-12.0
2013,6,20,DL,SEA,85.0,68.0,-17.0
2013,8,8,B6,LGB,24.0,68.0,44.0
2013,7,21,MQ,RDU,75.0,68.0,-7.0
2013,8,26,B6,FLL,70.0,68.0,-2.0
2013,8,22,US,CLT,11.0,68.0,57.0
2013,7,7,DL,SFO,10.0,68.0,58.0
2013,6,12,VX,LAX,81.0,68.0,-13.0
2013,7,11,B6,MCO,97.0,68.0,-29.0
2013,6,21,AA,SAN,74.0,68.0,-6.0
2013,7,1,B6,BQN,72.0,68.0,-4.0
2013,7,9,AA,TPA,2.0,68.0,66.0
2013,7,10,9E,BUF,88.0,68.0,-20.0
2013,6,18,B6,ORD,89.0,68.0,-21.0
2013,8,4,B6,BUR,69.0,68.0,-1.0
2013,8,15,B6,TPA,64.0,68.0,4.0
2013,8,26,MQ,BWI,60.0,68.0,8.0
2013,6,19,9E,DCA,102.0,68.0,-34.0
2013,6,28,AA,BOS,72.0,68.0,-4.0
2013,7,1,B6,SJU,71.0,68.0,-3.0
2013,7,8,9E,BWI,58.0,68.0,10.0
2013,7,3,B6,BTV,73.0,68.0,-5.0
2013,6,7,DL,PHX,79.0,68.0,-11.0
2013,6,7,US,CLT,3.0,68.0,65.0
2013,7,22,AA,STT,50.0,68.0,18.0
2013,7,11,B6,CLT,88.0,68.0,-20.0
2013,7,9,MQ,IND,14.0,68.0,54.0
2013,8,7,B6,PHX,0.0,68.0,68.0
2013,8,1,MQ,RDU,45.0,68.0,23.0
2013,6,8,AA,LAX,74.0,68.0,-6.0
2013,8,8,MQ,IND,34.0,68.0,34.0
2013,7,26,DL,MIA,107.0,68.0,-39.0
2013,7,1,9E,ORD,-1.0,67.0,68.0
2013,8,10,B6,LAX,68.0,67.0,-1.0
2013,6,17,B6,BUF,78.0,67.0,-11.0
2013,7,28,DL,MIA,-2.0,67.0,69.0
2013,7,21,DL,ATL,92.0,67.0,-25.0
2013,6,29,B6,MCO,84.0,67.0,-17.0
2013,7,25,DL,SFO,90.0,67.0,-23.0
2013,6,18,9E,ORD,55.0,67.0,12.0
2013,6,28,DL,FLL,75.0,67.0,-8.0
2013,6,17,DL,SFO,10.0,67.0,57.0
2013,7,28,B6,BUF,11.0,67.0,56.0
2013,7,28,B6,ROC,31.0,67.0,36.0
2013,6,8,EV,IAD,69.0,67.0,-2.0
2013,8,12,B6,LAX,45.0,67.0,22.0
2013,8,12,DL,PHX,83.0,67.0,-16.0
2013,7,1,AA,MIA,67.0,67.0,0.0
2013,7,28,US,CLT,1.0,67.0,66.0
2013,7,14,B6,BQN,73.0,67.0,-6.0
2013,7,1,9E,DCA,-1.0,67.0,68.0
2013,7,12,B6,TPA,62.0,67.0,5.0
2013,6,25,UA,SFO,27.0,67.0,40.0
2013,6,9,AA,DFW,70.0,67.0,-3.0
2013,7,21,B6,MCO,51.0,67.0,16.0
2013,6,17,MQ,DCA,10.0,67.0,57.0
2013,7,20,9E,ORD,68.0,67.0,-1.0
2013,7,19,9E,IAD,85.0,67.0,-18.0
2013,6,17,B6,SFO,24.0,67.0,43.0
2013,8,8,B6,BOS,73.0,67.0,-6.0
2013,7,2,DL,AUS,14.0,67.0,53.0
2013,6,7,DL,SFO,-1.0,67.0,68.0
2013,6,24,B6,PSE,80.0,67.0,-13.0
2013,6,2,B6,MSY,66.0,67.0,1.0
2013,7,11,B6,BUF,75.0,67.0,-8.0
2013,7,20,9E,JAX,80.0,67.0,-13.0
2013,6,13,UA,LAX,18.0,67.0,49.0
2013,8,8,UA,SFO,12.0,67.0,55.0
2013,6,13,B6,SYR,33.0,67.0,34.0
2013,8,9,AA,TPA,5.0,67.0,62.0
2013,8,1,B6,LAS,39.0,67.0,28.0
2013,7,11,B6,SLC,94.0,67.0,-27.0
2013,6,2,AA,TPA,82.0,67.0,-15.0
2013,7,23,B6,PDX,46.0,67.0,21.0
2013,6,30,B6,SJU,77.0,67.0,-10.0
2013,8,13,B6,SAN,25.0,67.0,42.0
2013,7,19,B6,ROC,48.0,67.0,19.0
2013,7,24,DL,SLC,87.0,67.0,-20.0
2013,7,12,B6,JAX,13.0,67.0,54.0
2013,6,10,9E,BNA,68.0,67.0,-1.0
2013,6,23,B6,ABQ,0.0,67.0,67.0
2013,6,13,DL,LAS,16.0,67.0,51.0
2013,6,11,B6,SJU,89.0,67.0,-22.0
2013,7,7,UA,SFO,83.0,67.0,-16.0
2013,7,3,B6,MCO,93.0,67.0,-26.0
2013,7,19,B6,MCO,88.0,67.0,-21.0
2013,6,24,B6,BOS,63.0,67.0,4.0
2013,7,19,9E,BOS,80.0,67.0,-13.0
2013,7,10,DL,SFO,87.0,67.0,-20.0
2013,8,27,B6,RSW,104.0,66.0,-38.0
2013,6,18,9E,MSP,75.0,66.0,-9.0
2013,7,28,B6,SMF,27.0,66.0,39.0
2013,8,14,B6,LAX,53.0,66.0,13.0
2013,7,23,DL,SLC,47.0,66.0,19.0
2013,8,22,DL,TPA,104.0,66.0,-38.0
2013,7,3,B6,MCO,59.0,66.0,7.0
2013,7,3,DL,SLC,100.0,66.0,-34.0
2013,7,3,B6,BUF,71.0,66.0,-5.0
2013,8,14,AA,IAH,18.0,66.0,48.0
2013,8,10,B6,LAX,51.0,66.0,15.0
2013,8,7,B6,PDX,3.0,66.0,63.0
2013,7,22,DL,SEA,-3.0,66.0,69.0
2013,7,12,B6,HOU,49.0,66.0,17.0
2013,6,25,B6,FLL,74.0,66.0,-8.0
2013,6,23,B6,ROC,-9.0,66.0,75.0
2013,6,6,MQ,CLE,66.0,66.0,0.0
2013,8,20,DL,SAN,85.0,66.0,-19.0
2013,6,23,B6,FLL,32.0,66.0,34.0
2013,6,3,9E,BOS,80.0,66.0,-14.0
2013,6,28,B6,MCO,68.0,66.0,-2.0
2013,7,2,B6,JAX,17.0,66.0,49.0
2013,6,4,B6,HOU,70.0,66.0,-4.0
2013,7,30,MQ,RDU,62.0,66.0,4.0
2013,7,9,MQ,CMH,20.0,66.0,46.0
2013,7,22,DL,BOS,66.0,66.0,0.0
2013,6,3,B6,RDU,81.0,66.0,-15.0
2013,8,16,B6,BOS,62.0,66.0,4.0
2013,7,18,9E,MSP,79.0,66.0,-13.0
2013,8,22,B6,BOS,76.0,66.0,-10.0
2013,8,22,B6,PWM,90.0,66.0,-24.0
2013,7,3,B6,OAK,95.0,66.0,-29.0
2013,8,3,B6,LAX,60.0,66.0,6.0
2013,6,17,9E,BNA,31.0,66.0,35.0
2013,8,20,MQ,CLE,67.0,66.0,-1.0
2013,6,29,AA,LAX,31.0,66.0,35.0
2013,6,2,MQ,CLE,70.0,66.0,-4.0
2013,7,18,MQ,CVG,73.0,66.0,-7.0
2013,7,13,B6,BOS,66.0,66.0,0.0
2013,7,7,B6,MSY,5.0,66.0,61.0
2013,6,7,B6,FLL,-2.0,66.0,68.0
2013,8,8,B6,BTV,51.0,66.0,15.0
2013,6,24,B6,FLL,44.0,66.0,22.0
2013,6,18,B6,SJU,78.0,66.0,-12.0
2013,6,27,DL,LAX,17.0,66.0,49.0
2013,7,1,B6,MCO,54.0,66.0,12.0
2013,7,2,B6,RDU,41.0,66.0,25.0
2013,8,11,B6,AUS,61.0,66.0,5.0
2013,6,18,B6,BUF,53.0,66.0,13.0
2013,7,23,AA,SEA,35.0,66.0,31.0
2013,7,18,B6,RSW,61.0,66.0,5.0
2013,7,25,9E,RDU,68.0,66.0,-2.0
2013,6,29,B6,TPA,36.0,66.0,30.0
2013,7,28,B6,PDX,0.0,66.0,66.0
2013,7,23,AA,LAX,9.0,66.0,57.0
2013,8,11,DL,BOS,-4.0,65.0,69.0
2013,6,25,B6,SJC,43.0,65.0,22.0
2013,7,5,B6,PBI,70.0,65.0,-5.0
2013,6,3,MQ,DCA,48.0,65.0,17.0
2013,8,31,B6,MCO,81.0,65.0,-16.0
2013,6,14,B6,ORD,-3.0,65.0,68.0
2013,7,21,9E,BUF,72.0,65.0,-7.0
2013,7,11,B6,BUF,59.0,65.0,6.0
2013,6,25,B6,LAX,74.0,65.0,-9.0
2013,6,13,DL,LAX,57.0,65.0,8.0
2013,7,13,B6,FLL,7.0,65.0,58.0
2013,6,30,9E,DTW,55.0,65.0,10.0
2013,7,11,9E,RDU,81.0,65.0,-16.0
2013,6,17,B6,CLT,-9.0,65.0,74.0
2013,8,28,B6,ROC,55.0,65.0,10.0
2013,7,11,MQ,RDU,89.0,65.0,-24.0
2013,8,10,B6,SJU,70.0,65.0,-5.0
2013,7,16,UA,SFO,99.0,65.0,-34.0
2013,6,17,DL,LAX,15.0,65.0,50.0
2013,7,11,B6,BTV,67.0,65.0,-2.0
2013,8,28,MQ,RDU,76.0,65.0,-11.0
2013,7,28,EV,IAD,66.0,65.0,-1.0
2013,8,28,MQ,BWI,43.0,65.0,22.0
2013,7,7,B6,FLL,41.0,65.0,24.0
2013,8,13,DL,MCO,0.0,65.0,65.0
2013,6,17,9E,MSP,8.0,65.0,57.0
2013,6,25,B6,LAX,66.0,65.0,-1.0
2013,7,17,B6,CHS,62.0,65.0,3.0
2013,6,29,B6,BQN,79.0,65.0,-14.0
2013,7,7,DL,LAX,-1.0,65.0,66.0
2013,7,25,UA,LAX,38.0,65.0,27.0
2013,7,7,DL,ATL,5.0,65.0,60.0
2013,6,28,DL,DTW,70.0,65.0,-5.0
2013,7,31,9E,DCA,94.0,65.0,-29.0
2013,7,23,UA,SFO,33.0,65.0,32.0
2013,7,9,DL,DEN,18.0,65.0,47.0
2013,7,29,B6,MCO,19.0,65.0,46.0
2013,7,10,DL,SJU,31.0,65.0,34.0
2013,6,14,DL,PDX,78.0,65.0,-13.0
2013,6,25,B6,PWM,37.0,65.0,28.0
2013,7,25,B6,FLL,51.0,65.0,14.0
2013,6,16,UA,LAX,-2.0,65.0,67.0
2013,6,14,MQ,CMH,82.0,65.0,-17.0
2013,6,24,B6,TPA,50.0,65.0,15.0
2013,6,25,AA,DFW,54.0,65.0,11.0
2013,8,28,B6,IAD,27.0,65.0,38.0
2013,8,14,AA,LAX,16.0,65.0,49.0
2013,7,12,B6,PWM,65.0,65.0,0.0
2013,7,10,DL,LAX,-1.0,65.0,66.0
2013,8,26,DL,MCO,64.0,65.0,1.0
2013,8,6,B6,SJU,75.0,65.0,-10.0
2013,8,9,MQ,DCA,70.0,65.0,-5.0
2013,8,4,B6,BUF,67.0,65.0,-2.0
2013,6,13,AA,DFW,26.0,65.0,39.0
2013,7,25,DL,BOS,-2.0,65.0,67.0
2013,8,9,B6,HOU,31.0,65.0,34.0
2013,6,17,B6,MSY,88.0,65.0,-23.0
2013,8,28,B6,PWM,41.0,65.0,24.0
2013,6,7,B6,SJU,-3.0,65.0,68.0
2013,7,2,B6,MSY,20.0,65.0,45.0
2013,7,2,9E,ROC,53.0,65.0,12.0
2013,7,8,B6,LAX,86.0,65.0,-21.0
2013,6,18,UA,SFO,14.0,65.0,51.0
2013,7,23,EV,IAD,64.0,65.0,1.0
2013,8,14,DL,SJU,40.0,65.0,25.0
2013,8,18,B6,TPA,63.0,65.0,2.0
2013,7,7,9E,CVG,-7.0,64.0,71.0
2013,7,23,B6,SEA,-3.0,64.0,67.0
2013,8,11,AA,LAX,57.0,64.0,7.0
2013,8,22,US,CLT,12.0,64.0,52.0
2013,7,17,B6,RDU,78.0,64.0,-14.0
2013,6,11,B6,BUF,68.0,64.0,-4.0
2013,6,18,MQ,IND,22.0,64.0,42.0
2013,7,25,9E,PHL,87.0,64.0,-23.0
2013,7,12,B6,BOS,44.0,64.0,20.0
2013,6,29,DL,SEA,90.0,64.0,-26.0
2013,7,23,AA,IAH,-2.0,64.0,66.0
2013,6,13,B6,ABQ,63.0,64.0,1.0
2013,7,2,DL,DTW,67.0,64.0,-3.0
2013,6,26,B6,PBI,63.0,64.0,1.0
2013,7,8,B6,PSE,72.0,64.0,-8.0
2013,6,13,AA,SFO,49.0,64.0,15.0
2013,7,30,B6,MCO,72.0,64.0,-8.0
2013,8,2,AA,SJU,17.0,64.0,47.0
2013,6,30,9E,IAD,2.0,64.0,62.0
2013,6,10,B6,ROC,63.0,64.0,1.0
2013,6,30,B6,SJU,5.0,64.0,59.0
2013,7,20,B6,RDU,71.0,64.0,-7.0
2013,7,7,UA,SFO,-9.0,64.0,73.0
2013,8,7,B6,LAS,36.0,64.0,28.0
2013,8,3,MQ,RDU,59.0,64.0,5.0
2013,7,29,B6,FLL,68.0,64.0,-4.0
2013,8,14,AA,MCO,26.0,64.0,38.0
2013,6,10,AA,SEA,53.0,64.0,11.0
2013,6,16,UA,LAX,3.0,64.0,61.0
2013,7,1,AA,TPA,34.0,64.0,30.0
2013,6,30,B6,BUF,26.0,64.0,38.0
2013,8,20,MQ,DCA,77.0,64.0,-13.0
2013,7,18,B6,BOS,64.0,64.0,0.0
2013,8,8,DL,ATL,52.0,64.0,12.0
2013,6,25,B6,HOU,56.0,64.0,8.0
2013,7,9,UA,LAX,26.0,64.0,38.0
2013,6,29,B6,FLL,71.0,64.0,-7.0
2013,6,13,MQ,PIT,52.0,64.0,12.0
2013,8,1,AA,ORD,107.0,64.0,-43.0
2013,6,27,B6,SYR,42.0,64.0,22.0
2013,7,9,EV,IAD,68.0,64.0,-4.0
2013,7,23,DL,ATL,74.0,64.0,-10.0
2013,6,7,B6,BTV,56.0,64.0,8.0
2013,6,27,B6,BOS,69.0,64.0,-5.0
2013,6,11,US,CLT,58.0,64.0,6.0
2013,6,30,B6,JAX,57.0,64.0,7.0
2013,7,22,B6,PSE,23.0,64.0,41.0
2013,6,13,B6,LGB,21.0,64.0,43.0
2013,7,12,B6,BUF,51.0,64.0,13.0
2013,6,17,B6,TPA,33.0,64.0,31.0
2013,8,22,9E,MSP,105.0,64.0,-41.0
2013,7,19,B6,BUF,37.0,64.0,27.0
2013,8,16,B6,SJU,70.0,64.0,-6.0
2013,6,10,AA,TPA,46.0,64.0,18.0
2013,6,7,DL,LAX,84.0,64.0,-20.0
2013,7,13,B6,BOS,28.0,64.0,36.0
2013,8,29,B6,SEA,48.0,64.0,16.0
2013,7,20,B6,LAX,1.0,64.0,63.0
2013,6,26,B6,SJU,67.0,64.0,-3.0
2013,8,15,B6,BUF,73.0,64.0,-9.0
2013,6,3,9E,DTW,37.0,64.0,27.0
2013,7,19,B6,SFO,57.0,64.0,7.0
2013,7,12,B6,MSY,39.0,64.0,25.0
2013,7,25,B6,BOS,62.0,64.0,2.0
2013,7,31,VX,SFO,78.0,64.0,-14.0
2013,8,5,B6,TPA,68.0,64.0,-4.0
2013,7,1,9E,MSP,101.0,64.0,-37.0
2013,7,14,9E,CLT,101.0,64.0,-37.0
2013,7,8,US,CLT,73.0,63.0,-10.0
2013,7,11,US,PHX,96.0,63.0,-33.0
2013,8,17,B6,MCO,69.0,63.0,-6.0
2013,6,4,B6,CHS,56.0,63.0,7.0
2013,6,25,AA,IAH,85.0,63.0,-22.0
2013,7,23,DL,LAX,22.0,63.0,41.0
2013,7,28,DL,ATL,3.0,63.0,60.0
2013,6,17,B6,SEA,56.0,63.0,7.0
2013,7,11,US,PHX,79.0,63.0,-16.0
2013,7,28,B6,BQN,69.0,63.0,-6.0
2013,7,28,B6,SFO,53.0,63.0,10.0
2013,7,9,DL,FLL,84.0,63.0,-21.0
2013,8,9,MQ,DCA,35.0,63.0,28.0
2013,8,14,AA,SAN,26.0,63.0,37.0
2013,7,29,9E,MSY,106.0,63.0,-43.0
2013,6,17,B6,BUR,7.0,63.0,56.0
2013,6,17,B6,BUF,44.0,63.0,19.0
2013,6,29,B6,LGB,58.0,63.0,5.0
2013,6,17,B6,SMF,26.0,63.0,37.0
2013,7,11,B6,MCO,72.0,63.0,-9.0
2013,8,22,MQ,IND,51.0,63.0,12.0
2013,7,27,UA,SFO,69.0,63.0,-6.0
2013,6,7,UA,LAX,17.0,63.0,46.0
2013,7,24,AA,SAN,76.0,63.0,-13.0
2013,8,9,B6,BUF,68.0,63.0,-5.0
2013,7,26,9E,MSY,92.0,63.0,-29.0
2013,7,25,9E,CLT,57.0,63.0,6.0
2013,8,9,DL,BOS,49.0,63.0,14.0
2013,6,25,B6,BTV,70.0,63.0,-7.0
2013,7,6,MQ,DCA,29.0,63.0,34.0
2013,6,13,MQ,ORF,12.0,63.0,51.0
2013,7,10,EV,IAD,56.0,63.0,7.0
2013,7,2,9E,RDU,41.0,63.0,22.0
2013,7,21,B6,FLL,59.0,63.0,4.0
2013,7,18,AA,LAX,99.0,63.0,-36.0
2013,7,7,B6,PDX,36.0,63.0,27.0
2013,6,27,MQ,PIT,73.0,63.0,-10.0
2013,6,19,B6,FLL,27.0,63.0,36.0
2013,6,21,AA,ORD,110.0,63.0,-47.0
2013,8,13,B6,MCO,52.0,63.0,11.0
2013,8,11,VX,LAX,0.0,63.0,63.0
2013,7,8,DL,MIA,77.0,63.0,-14.0
2013,7,21,B6,FLL,45.0,63.0,18.0
2013,7,28,9E,PIT,40.0,63.0,23.0
2013,8,16,AA,MCO,64.0,63.0,-1.0
2013,8,13,B6,ORD,51.0,63.0,12.0
2013,7,12,DL,FLL,61.0,63.0,2.0
2013,8,11,DL,LAX,63.0,63.0,0.0
2013,6,3,DL,MIA,28.0,63.0,35.0
2013,8,13,9E,ORD,70.0,63.0,-7.0
2013,8,27,AA,BOS,56.0,63.0,7.0
2013,7,9,B6,SJC,34.0,63.0,29.0
2013,8,22,DL,SAN,-5.0,63.0,68.0
2013,7,7,AA,LAX,20.0,63.0,43.0
2013,7,28,B6,DEN,8.0,63.0,55.0
2013,8,31,MQ,IND,64.0,63.0,-1.0
2013,8,9,B6,BOS,70.0,62.0,-8.0
2013,6,28,DL,MCO,35.0,62.0,27.0
2013,8,7,B6,BUF,66.0,62.0,-4.0
2013,7,12,MQ,CMH,50.0,62.0,12.0
2013,7,8,9E,PHL,80.0,62.0,-18.0
2013,7,23,DL,MCO,62.0,62.0,0.0
2013,7,2,MQ,DCA,50.0,62.0,12.0
2013,8,2,9E,ORD,53.0,62.0,9.0
2013,6,7,B6,SFO,45.0,62.0,17.0
2013,7,28,B6,MVY,-1.0,62.0,63.0
2013,6,13,9E,DFW,66.0,62.0,-4.0
2013,7,8,MQ,ORF,26.0,62.0,36.0
2013,7,17,9E,DTW,54.0,62.0,8.0
2013,8,14,9E,DTW,54.0,62.0,8.0
2013,6,14,B6,SFO,-3.0,62.0,65.0
2013,7,14,B6,SFO,102.0,62.0,-40.0
2013,6,2,B6,MCO,70.0,62.0,-8.0
2013,7,3,B6,TPA,4.0,62.0,58.0
2013,8,14,B6,RDU,-2.0,62.0,64.0
2013,8,28,B6,ROC,41.0,62.0,21.0
2013,6,24,DL,SAN,-7.0,62.0,69.0
2013,6,13,B6,SJC,-1.0,62.0,63.0
2013,8,9,B6,MCO,57.0,62.0,5.0
2013,7,8,B6,SJU,73.0,62.0,-11.0
2013,7,12,DL,LAX,22.0,62.0,40.0
2013,7,8,B6,SJU,70.0,62.0,-8.0
2013,6,28,B6,SFO,82.0,62.0,-20.0
2013,8,11,B6,SJU,36.0,62.0,26.0
2013,7,23,B6,SFO,-2.0,62.0,64.0
2013,8,10,B6,CLT,9.0,62.0,53.0
2013,7,9,DL,SAT,107.0,62.0,-45.0
2013,7,21,B6,SYR,68.0,62.0,-6.0
2013,7,10,DL,SEA,-5.0,62.0,67.0
2013,7,7,B6,LAX,0.0,62.0,62.0
2013,8,28,DL,ATL,67.0,62.0,-5.0
2013,6,27,B6,SYR,20.0,62.0,42.0
2013,7,11,9E,BWI,36.0,62.0,26.0
2013,7,13,B6,SYR,75.0,62.0,-13.0
2013,7,1,AA,BOS,85.0,62.0,-23.0
2013,6,2,B6,SMF,58.0,62.0,4.0
2013,8,8,B6,BTV,31.0,62.0,31.0
2013,6,23,DL,SEA,-1.0,62.0,63.0
2013,7,7,9E,MSP,0.0,62.0,62.0
2013,6,23,B6,SMF,0.0,62.0,62.0
2013,6,10,DL,ATL,55.0,62.0,7.0
2013,6,26,DL,SFO,81.0,62.0,-19.0
2013,8,9,B6,SEA,-6.0,62.0,68.0
2013,6,20,AA,MIA,73.0,62.0,-11.0
2013,8,9,DL,LAX,9.0,62.0,53.0
2013,7,16,DL,LAX,60.0,62.0,2.0
2013,8,9,DL,DEN,74.0,62.0,-12.0
2013,7,3,B6,BOS,66.0,62.0,-4.0
2013,7,1,B6,DEN,94.0,62.0,-32.0
2013,7,10,DL,FLL,12.0,62.0,50.0
2013,7,13,MQ,BWI,-5.0,62.0,67.0
2013,6,26,US,CLT,82.0,62.0,-20.0
2013,7,11,B6,ROC,87.0,62.0,-25.0
2013,6,21,B6,MCO,82.0,62.0,-20.0
2013,7,31,B6,PBI,65.0,61.0,-4.0
2013,8,8,DL,FLL,63.0,61.0,-2.0
2013,7,8,9E,CVG,99.0,61.0,-38.0
2013,6,21,B6,TPA,60.0,61.0,1.0
2013,8,16,UA,SFO,71.0,61.0,-10.0
2013,6,14,DL,LAX,10.0,61.0,51.0
2013,6,13,DL,MCO,26.0,61.0,35.0
2013,7,17,B6,ROC,54.0,61.0,7.0
2013,6,18,VX,SFO,24.0,61.0,37.0
2013,7,20,B6,BTV,48.0,61.0,13.0
2013,7,22,B6,BUF,40.0,61.0,21.0
2013,6,17,DL,LAS,52.0,61.0,9.0
2013,7,9,B6,BUF,60.0,61.0,1.0
2013,8,14,DL,MCO,2.0,61.0,59.0
2013,6,3,B6,FLL,72.0,61.0,-11.0
2013,6,25,B6,ROC,73.0,61.0,-12.0
2013,7,9,B6,MCO,80.0,61.0,-19.0
2013,6,30,B6,LAS,74.0,61.0,-13.0
2013,7,14,B6,LAX,52.0,61.0,9.0
2013,8,9,AA,IAH,37.0,61.0,24.0
2013,8,9,UA,LAX,18.0,61.0,43.0
2013,8,20,9E,DTW,100.0,61.0,-39.0
2013,6,23,DL,PDX,1.0,61.0,60.0
2013,7,15,AA,LAS,131.0,61.0,-70.0
2013,7,20,DL,SJU,37.0,61.0,24.0
2013,6,25,AA,LAX,61.0,61.0,0.0
2013,7,23,DL,BOS,14.0,61.0,47.0
2013,7,28,B6,SJU,32.0,61.0,29.0
2013,6,13,US,PHX,43.0,61.0,18.0
2013,6,17,UA,SFO,55.0,61.0,6.0
2013,6,15,VX,SFO,49.0,61.0,12.0
2013,8,12,B6,SJU,67.0,61.0,-6.0
2013,6,22,B6,BOS,66.0,61.0,-5.0
2013,7,24,AA,LAX,55.0,61.0,6.0
2013,7,13,B6,BTV,73.0,61.0,-12.0
2013,7,24,B6,FLL,41.0,61.0,20.0
2013,7,27,B6,ROC,72.0,61.0,-11.0
2013,7,20,AA,SJU,51.0,61.0,10.0
2013,8,12,B6,BOS,65.0,61.0,-4.0
2013,6,27,DL,SFO,59.0,61.0,2.0
2013,7,3,B6,BUF,65.0,61.0,-4.0
2013,8,7,B6,OAK,46.0,61.0,15.0
2013,8,16,B6,SJU,40.0,61.0,21.0
2013,6,27,EV,IAD,57.0,61.0,4.0
2013,6,13,B6,BUF,68.0,61.0,-7.0
2013,6,11,B6,MSY,77.0,61.0,-16.0
2013,6,13,B6,BUF,45.0,61.0,16.0
2013,6,3,DL,MCO,32.0,61.0,29.0
2013,7,28,9E,IAD,40.0,61.0,21.0
2013,6,8,B6,ABQ,107.0,61.0,-46.0
2013,7,22,B6,PWM,52.0,61.0,9.0
2013,7,1,MQ,IND,48.0,61.0,13.0
2013,7,1,MQ,CVG,41.0,61.0,20.0
2013,6,3,US,CLT,46.0,61.0,15.0
2013,7,25,9E,CVG,102.0,61.0,-41.0
2013,7,22,B6,SMF,18.0,61.0,43.0
2013,7,12,B6,RSW,52.0,61.0,9.0
2013,6,19,DL,SEA,81.0,61.0,-20.0
2013,7,31,B6,DEN,77.0,61.0,-16.0
2013,8,10,B6,LAX,3.0,61.0,58.0
2013,6,14,AA,IAH,57.0,61.0,4.0
2013,7,31,B6,BUF,81.0,61.0,-20.0
2013,8,10,AA,LAS,79.0,61.0,-18.0
2013,8,14,B6,SMF,28.0,61.0,33.0
2013,7,21,DL,TPA,92.0,60.0,-32.0
2013,7,16,DL,SEA,27.0,60.0,33.0
2013,6,4,B6,PWM,56.0,60.0,4.0
2013,7,28,DL,LAS,4.0,60.0,56.0
2013,7,17,B6,BOS,64.0,60.0,-4.0
2013,7,28,B6,RSW,50.0,60.0,10.0
2013,7,23,B6,BUF,46.0,60.0,14.0
2013,6,14,AA,MIA,56.0,60.0,4.0
2013,7,28,B6,SLC,-1.0,60.0,61.0
2013,6,23,B6,LAX,-1.0,60.0,61.0
2013,6,17,MQ,CMH,-4.0,60.0,64.0
2013,7,24,9E,DFW,48.0,60.0,12.0
2013,8,1,DL,LAS,51.0,60.0,9.0
2013,7,2,B6,SFO,69.0,60.0,-9.0
2013,6,22,B6,SYR,62.0,60.0,-2.0
2013,8,12,B6,PDX,65.0,60.0,-5.0
2013,7,13,9E,MSP,57.0,60.0,3.0
2013,7,13,9E,JAX,37.0,60.0,23.0
2013,8,1,9E,BWI,41.0,60.0,19.0
2013,6,27,DL,SJU,54.0,60.0,6.0
2013,8,6,B6,SJU,80.0,60.0,-20.0
2013,7,23,B6,ROC,45.0,60.0,15.0
2013,7,13,VX,SFO,111.0,60.0,-51.0
2013,8,8,B6,TPA,36.0,60.0,24.0
2013,6,13,DL,SAN,33.0,60.0,27.0
2013,7,3,MQ,DCA,52.0,60.0,8.0
2013,7,9,B6,SYR,63.0,60.0,-3.0
2013,7,18,MQ,DCA,-7.0,60.0,67.0
2013,7,28,B6,FLL,31.0,60.0,29.0
2013,6,14,DL,PDX,0.0,60.0,60.0
2013,8,15,DL,LAS,80.0,60.0,-20.0
2013,8,8,B6,FLL,57.0,60.0,3.0
2013,6,26,B6,BUF,6.0,60.0,54.0
2013,6,17,UA,SFO,23.0,60.0,37.0
2013,7,16,DL,MIA,57.0,60.0,3.0
2013,7,23,DL,TPA,49.0,60.0,11.0
2013,7,9,9E,RDU,33.0,60.0,27.0
2013,6,14,DL,SLC,3.0,60.0,57.0
2013,8,10,B6,PBI,69.0,60.0,-9.0
2013,8,13,B6,PWM,63.0,60.0,-3.0
2013,6,19,B6,MCO,13.0,60.0,47.0
2013,8,14,B6,HOU,35.0,60.0,25.0
2013,7,19,AA,LAS,57.0,60.0,3.0
2013,7,31,9E,BWI,53.0,60.0,7.0
2013,6,14,B6,JAX,79.0,60.0,-19.0
2013,6,14,B6,PWM,60.0,60.0,0.0
2013,7,29,MQ,DCA,62.0,60.0,-2.0
2013,7,12,B6,PSE,79.0,60.0,-19.0
2013,6,14,B6,SMF,14.0,60.0,46.0
2013,6,11,MQ,CMH,79.0,60.0,-19.0
2013,6,13,B6,MCO,48.0,60.0,12.0
2013,6,29,AA,MIA,73.0,60.0,-13.0
2013,7,11,B6,PWM,70.0,60.0,-10.0
2013,7,12,DL,ATL,61.0,60.0,-1.0
2013,6,14,AA,LAS,-9.0,60.0,69.0
2013,6,21,B6,LAX,60.0,60.0,0.0
